-- MySQL dump 10.13  Distrib 8.4.0, for Linux (x86_64)
--
-- Host: localhost    Database: silverbullet
-- ------------------------------------------------------
-- Server version	8.4.0

/*!40101 SET @OLD_CHARACTER_SET_CLIENT=@@CHARACTER_SET_CLIENT */;
/*!40101 SET @OLD_CHARACTER_SET_RESULTS=@@CHARACTER_SET_RESULTS */;
/*!40101 SET @OLD_COLLATION_CONNECTION=@@COLLATION_CONNECTION */;
/*!50503 SET NAMES utf8mb4 */;
/*!40103 SET @OLD_TIME_ZONE=@@TIME_ZONE */;
/*!40103 SET TIME_ZONE='+00:00' */;
/*!40014 SET @OLD_UNIQUE_CHECKS=@@UNIQUE_CHECKS, UNIQUE_CHECKS=0 */;
/*!40014 SET @OLD_FOREIGN_KEY_CHECKS=@@FOREIGN_KEY_CHECKS, FOREIGN_KEY_CHECKS=0 */;
/*!40101 SET @OLD_SQL_MODE=@@SQL_MODE, SQL_MODE='NO_AUTO_VALUE_ON_ZERO' */;
/*!40111 SET @OLD_SQL_NOTES=@@SQL_NOTES, SQL_NOTES=0 */;

--
-- Table structure for table `asset`
--

DROP TABLE IF EXISTS `asset`;
/*!40101 SET @saved_cs_client     = @@character_set_client */;
/*!50503 SET character_set_client = utf8mb4 */;
CREATE TABLE `asset` (
  `id` bigint NOT NULL AUTO_INCREMENT,
  `image` varchar(255) DEFAULT NULL,
  `name` varchar(255) DEFAULT NULL,
  `manufacturer_id` bigint DEFAULT NULL,
  `family` varchar(255) DEFAULT NULL,
  `note` varchar(255) DEFAULT NULL,
  PRIMARY KEY (`id`),
  KEY `FK6onmn2rn64c1prk4vgkxo0x3` (`manufacturer_id`),
  CONSTRAINT `FK6onmn2rn64c1prk4vgkxo0x3` FOREIGN KEY (`manufacturer_id`) REFERENCES `manufacturer` (`id`)
) ENGINE=InnoDB AUTO_INCREMENT=47 DEFAULT CHARSET=utf8mb4 COLLATE=utf8mb4_0900_ai_ci;
/*!40101 SET character_set_client = @saved_cs_client */;

--
-- Dumping data for table `asset`
--

LOCK TABLES `asset` WRITE;
/*!40000 ALTER TABLE `asset` DISABLE KEYS */;
INSERT INTO `asset` VALUES (33,'https://dl.cdn-anritsu.com/images/products/tm-mt9085a-b-c/mt9085-v2.png?h=310&w=420&la=ja-JP','MT9085A-053',34,'Access Master','General-purpose model for installation and I&M'),(34,'https://www.exfo.com/contentassets/e9b7aa7dad564d2eba5f0a80496a863d/max-700c_1.jpg?rxy=0.5,0.5&width=690&height=0&rmode=crop','720D',35,'MaxTester','access OTDR'),(35,'https://www.exfo.com/contentassets/86c5750a1e0547568545854d45f8d605/fip-500_8450_2000x1667.jpg?rxy=0.5,0.5&width=1920&height=0&rmode=crop','FIP-500',35,'FIP',NULL),(36,'https://dl.cdn-anritsu.com/images/products/tm-mt9085a-b-c/mt9085-v2.png?h=310&w=420&la=ja-JP','MT9085A-057',34,'Access Master',NULL),(37,'https://dl.cdn-anritsu.com/images/products/tm-mt9085a-b-c/mt9085-v2.png?h=310&w=420&la=ja-JP','MT9085A-058',34,'Access Master',NULL),(38,'https://dl.cdn-anritsu.com/images/products/tm-mt9085a-b-c/mt9085-v2.png?h=310&w=420&la=ja-JP','MT9085B-053',34,'Access Master',NULL),(39,'https://dl.cdn-anritsu.com/images/products/tm-mt9085a-b-c/mt9085-v2.png?h=310&w=420&la=ja-JP','MT9085B-055',34,'Access Master',NULL),(40,'https://dl.cdn-anritsu.com/images/products/tm-mt9085a-b-c/mt9085-v2.png?h=310&w=420&la=ja-JP','MT9085C-053',34,'Access Master',NULL),(41,'https://dl.cdn-anritsu.com/images/products/tm-mt9085a-b-c/mt9085-v2.png?h=310&w=420&la=ja-JP','MT9085A-063',34,'Access Master','General-purpose model for installation and I&M'),(42,'https://dl.cdn-anritsu.com/images/products/tm-mt9085a-b-c/mt9085-v2.png?h=310&w=420&la=ja-JP','MT9085B-063',34,'Access Master','General-purpose model for installation and I&M'),(43,'https://dl.cdn-anritsu.com/images/products/tm-mt9085a-b-c/mt9085-v2.png?h=310&w=420&la=ja-JP','MT9085C-063',34,'Access Master','General-purpose model for installation and I&M'),(44,'https://www.exfo.com/contentassets/e9b7aa7dad564d2eba5f0a80496a863d/max-700c_1.jpg?rxy=0.5,0.5&width=690&height=0&rmode=crop','720C',35,'MaxTester',NULL),(45,'https://www.exfo.com/contentassets/e9b7aa7dad564d2eba5f0a80496a863d/max-700c_1.jpg?rxy=0.5,0.5&width=690&height=0&rmode=crop','715D',35,'MaxTester','last-mile OTDR'),(46,'https://www.exfo.com/contentassets/e9b7aa7dad564d2eba5f0a80496a863d/max-700c_1.jpg?rxy=0.5,0.5&width=690&height=0&rmode=crop','730D',35,'MaxTester','PON/metro OTDR');
/*!40000 ALTER TABLE `asset` ENABLE KEYS */;
UNLOCK TABLES;

--
-- Table structure for table `asset_atribute`
--

DROP TABLE IF EXISTS `asset_atribute`;
/*!40101 SET @saved_cs_client     = @@character_set_client */;
/*!50503 SET character_set_client = utf8mb4 */;
CREATE TABLE `asset_atribute` (
  `id` bigint NOT NULL AUTO_INCREMENT,
  `attribute` varchar(255) DEFAULT NULL,
  PRIMARY KEY (`id`)
) ENGINE=InnoDB AUTO_INCREMENT=38 DEFAULT CHARSET=utf8mb4 COLLATE=utf8mb4_0900_ai_ci;
/*!40101 SET character_set_client = @saved_cs_client */;

--
-- Dumping data for table `asset_atribute`
--

LOCK TABLES `asset_atribute` WRITE;
/*!40000 ALTER TABLE `asset_atribute` DISABLE KEYS */;
INSERT INTO `asset_atribute` VALUES (34,'OTDR'),(35,'OSA'),(36,'OPM'),(37,'FIP');
/*!40000 ALTER TABLE `asset_atribute` ENABLE KEYS */;
UNLOCK TABLES;

--
-- Table structure for table `asset_instance`
--

DROP TABLE IF EXISTS `asset_instance`;
/*!40101 SET @saved_cs_client     = @@character_set_client */;
/*!50503 SET character_set_client = utf8mb4 */;
CREATE TABLE `asset_instance` (
  `id` bigint NOT NULL AUTO_INCREMENT,
  `serial_number` varchar(255) DEFAULT NULL,
  `asset_id` bigint DEFAULT NULL,
  PRIMARY KEY (`id`),
  KEY `FK4qv7ky19q4dv3dvqeb7ovqc8` (`asset_id`),
  CONSTRAINT `FK4qv7ky19q4dv3dvqeb7ovqc8` FOREIGN KEY (`asset_id`) REFERENCES `asset` (`id`)
) ENGINE=InnoDB AUTO_INCREMENT=93 DEFAULT CHARSET=utf8mb4 COLLATE=utf8mb4_0900_ai_ci;
/*!40101 SET character_set_client = @saved_cs_client */;

--
-- Dumping data for table `asset_instance`
--

LOCK TABLES `asset_instance` WRITE;
/*!40000 ALTER TABLE `asset_instance` DISABLE KEYS */;
INSERT INTO `asset_instance` VALUES (81,'ASN0000000',33),(82,'ASN0000001',33),(83,'ASN0000002',33),(84,'ASN0000003',33),(85,'ASN0000004',33),(86,'ESN0000000',34),(87,'ESN0000001',34),(88,'ESN0000002',34),(89,'ESN0000003',34),(90,'ESN0000004',34),(91,'0123456789',34),(92,'FIP123458131',35);
/*!40000 ALTER TABLE `asset_instance` ENABLE KEYS */;
UNLOCK TABLES;

--
-- Table structure for table `criterion`
--

DROP TABLE IF EXISTS `criterion`;
/*!40101 SET @saved_cs_client     = @@character_set_client */;
/*!50503 SET character_set_client = utf8mb4 */;
CREATE TABLE `criterion` (
  `id` bigint NOT NULL AUTO_INCREMENT,
  `criterion` varchar(255) DEFAULT NULL,
  `standard` varchar(255) DEFAULT NULL,
  PRIMARY KEY (`id`)
) ENGINE=InnoDB DEFAULT CHARSET=utf8mb4 COLLATE=utf8mb4_0900_ai_ci;
/*!40101 SET character_set_client = @saved_cs_client */;

--
-- Dumping data for table `criterion`
--

LOCK TABLES `criterion` WRITE;
/*!40000 ALTER TABLE `criterion` DISABLE KEYS */;
/*!40000 ALTER TABLE `criterion` ENABLE KEYS */;
UNLOCK TABLES;

--
-- Table structure for table `manufacturer`
--

DROP TABLE IF EXISTS `manufacturer`;
/*!40101 SET @saved_cs_client     = @@character_set_client */;
/*!50503 SET character_set_client = utf8mb4 */;
CREATE TABLE `manufacturer` (
  `id` bigint NOT NULL AUTO_INCREMENT,
  `name` varchar(255) DEFAULT NULL,
  PRIMARY KEY (`id`)
) ENGINE=InnoDB AUTO_INCREMENT=37 DEFAULT CHARSET=utf8mb4 COLLATE=utf8mb4_0900_ai_ci;
/*!40101 SET character_set_client = @saved_cs_client */;

--
-- Dumping data for table `manufacturer`
--

LOCK TABLES `manufacturer` WRITE;
/*!40000 ALTER TABLE `manufacturer` DISABLE KEYS */;
INSERT INTO `manufacturer` VALUES (34,'Anritsu'),(35,'EXFO'),(36,'Viavi');
/*!40000 ALTER TABLE `manufacturer` ENABLE KEYS */;
UNLOCK TABLES;

--
-- Table structure for table `mop`
--

DROP TABLE IF EXISTS `mop`;
/*!40101 SET @saved_cs_client     = @@character_set_client */;
/*!50503 SET character_set_client = utf8mb4 */;
CREATE TABLE `mop` (
  `id` bigint NOT NULL AUTO_INCREMENT,
  `category` varchar(255) DEFAULT NULL,
  `description` varchar(255) DEFAULT NULL,
  `image` varchar(255) DEFAULT NULL,
  `title` varchar(255) DEFAULT NULL,
  `json` mediumtext,
  `name` varchar(255) DEFAULT NULL,
  PRIMARY KEY (`id`)
) ENGINE=InnoDB AUTO_INCREMENT=33 DEFAULT CHARSET=utf8mb4 COLLATE=utf8mb4_0900_ai_ci;
/*!40101 SET character_set_client = @saved_cs_client */;

--
-- Dumping data for table `mop`
--

LOCK TABLES `mop` WRITE;
/*!40000 ALTER TABLE `mop` DISABLE KEYS */;
INSERT INTO `mop` VALUES (22,NULL,NULL,NULL,NULL,'{\"id\":22,\"title\":\"FTTA Construction\",\"category\":\"FTTA\",\"image\":\"https://www.khrista.co.id/wp-content/uploads/2016/03/ftta.png\",\"description\":\"Once the design of the network has been completed, the lifecycle of a network generally consists of three main phases: construction, activation and maintenance. The following sections highlight some the key testing elements that should be considered during the Construction and Service Validation Phase.\",\"sections\":[{\"title\":\"Step 1 ; Connector Cleanliness\",\"images\":[\"https://www.khrista.co.id/wp-content/uploads/2016/03/connector-inspect.png\",\"https://www.tyheatshrink.com/Uploads/image/20140813/20140813081803_65733.jpg\"],\"lines\":[{\"key\":\"1-1\",\"operation\":\"Clean the connector[A] with the Connector Cleaner[B].\",\"target\":{\"title\":\"Connector[A]\",\"image\":\"https://resource.fs.com/mall/mainImg/20220711182057s9mjl7.jpg\"},\"tool\":{\"title\":\"Cleaner\",\"image\":\"https://www.opticfibertool.com/cdn/shop/products/TB14zh3AVY7gK0jSZKzXcmikpXa_400x.jpg?v=1600273777\"},\"criteria\":null},{\"key\":\"1-2\",\"operation\":\"Measure the Connector[A] with Fiber Inspection Probe[C].\",\"target\":{\"title\":\"Connector[B]\",\"image\":\"https://resource.fs.com/mall/mainImg/20220711182057s9mjl7.jpg\"},\"tool\":{\"title\":\"FIP\",\"image\":\"https://opticom.bg/images/2/973561890856bbe258abf964e8931f98/fip-400b-mf-usb-2-1550.jpg\"},\"criteria\":{\"criteria\":[\"IEC 61300-3-35:2022\"]}},{\"key\":\"1-3\",\"operation\":\"Measure the Connector[A] with Fiber Inspection Probe[C].\",\"target\":{\"title\":\"Connector[C]\",\"image\":\"https://resource.fs.com/mall/mainImg/20220711182057s9mjl7.jpg\"},\"tool\":{\"title\":\"FIP\",\"image\":\"https://opticom.bg/images/2/973561890856bbe258abf964e8931f98/fip-400b-mf-usb-2-1550.jpg\"},\"criteria\":{\"criteria\":[\"IEC 61300-3-35:2022\"]}},{\"key\":\"1-4\",\"operation\":\"Measure the Connector[A] with Fiber Inspection Probe[C].\",\"target\":{\"title\":\"Connector[D]\",\"image\":\"https://resource.fs.com/mall/mainImg/20220711182057s9mjl7.jpg\"},\"tool\":{\"title\":\"FIP\",\"image\":\"https://opticom.bg/images/2/973561890856bbe258abf964e8931f98/fip-400b-mf-usb-2-1550.jpg\"},\"criteria\":{\"criteria\":[\"IEC 61300-3-35:2022\"]}},{\"key\":\"1-5\",\"operation\":\"Measure the Connector[A] with Fiber Inspection Probe[C].\",\"target\":{\"title\":\"Connector[E]\",\"image\":\"https://resource.fs.com/mall/mainImg/20220711182057s9mjl7.jpg\"},\"tool\":{\"title\":\"FIP\",\"image\":\"https://opticom.bg/images/2/973561890856bbe258abf964e8931f98/fip-400b-mf-usb-2-1550.jpg\"},\"criteria\":{\"criteria\":[\"IEC 61300-3-35:2022\"]}},{\"key\":\"1-6\",\"operation\":\"Connect the Connector[A] of LEFT side to the OTDR[D] and start Test\",\"target\":{\"title\":\"Connector[F]\",\"image\":\"https://resource.fs.com/mall/mainImg/20220711182057s9mjl7.jpg\"},\"tool\":{\"title\":\"OTDR\",\"image\":\"https://www.viavisolutions.com/sites/default/files/styles/d10_scale/public/main-images/smartotdr_with_new_gui.jpg.webp?itok=jTHlzBpP\"},\"criteria\":{\"criteria\":[\"ORL < -50dB\",\"Total Loss < 1.0dB\"]}},{\"key\":\"1-7\",\"operation\":\"Connect the Connector[A] of RIGHT side to the OTDR[D] and start Test\",\"target\":{\"title\":\"Connector[G]\",\"image\":\"https://resource.fs.com/mall/mainImg/20220711182057s9mjl7.jpg\"},\"tool\":{\"title\":\"OTDR\",\"image\":\"https://www.viavisolutions.com/sites/default/files/styles/d10_scale/public/main-images/smartotdr_with_new_gui.jpg.webp?itok=jTHlzBpP\"},\"criteria\":{\"criteria\":[\"ORL < -50dB\",\"Total Loss < 1.0dB\"]}}]},{\"title\":\"Step 2 ; Fiber Characterization\",\"images\":[\"https://www.khrista.co.id/wp-content/uploads/2016/03/iloop.png\"],\"lines\":[{\"key\":\"2-1\",\"operation\":\"Clean the connector[A] with the Connector Cleaner[B].\",\"target\":null,\"tool\":{\"title\":null,\"image\":\"https://www.opticfibertool.com/cdn/shop/products/TB14zh3AVY7gK0jSZKzXcmikpXa_400x.jpg?v=1600273777\"},\"criteria\":null},{\"key\":\"2-2\",\"operation\":\"Measure the Connector[A] with Fiber Inspection Probe[C].\",\"target\":null,\"tool\":null,\"criteria\":null},{\"key\":\"2-3\",\"operation\":\"Connect the Connector[A] to the OTDR[D] and start Test\",\"target\":null,\"tool\":null,\"criteria\":null}]}],\"authors\":[\"tupac@deathrow.com\",\"dr.dre@deathrow.com\"]}','FTTA Construction'),(24,NULL,NULL,NULL,NULL,'{\"id\":24,\"title\":\"FTTH Construction\",\"category\":\"FTTH\",\"image\":\"https://www.khrista.co.id/wp-content/uploads/2016/03/ftta.png\",\"description\":\"Once the design of the network has been completed, the lifecycle of a network generally consists of three main phases: construction, activation and maintenance. The following sections highlight some the key testing elements that should be considered during the Construction and Service Validation Phase.\",\"sections\":[{\"title\":\"Step 1 ; Connector Cleanliness\",\"images\":[\"https://www.khrista.co.id/wp-content/uploads/2016/03/connector-inspect.png\",\"https://www.tyheatshrink.com/Uploads/image/20140813/20140813081803_65733.jpg\"],\"lines\":[{\"key\":\"1-1\",\"operation\":\"Clean the connector[A] with the Connector Cleaner[B].\",\"target\":{\"title\":\"Connector[A]\",\"image\":\"https://resource.fs.com/mall/mainImg/20220711182057s9mjl7.jpg\"},\"tool\":{\"title\":\"Cleaner\",\"image\":\"https://www.opticfibertool.com/cdn/shop/products/TB14zh3AVY7gK0jSZKzXcmikpXa_400x.jpg?v=1600273777\"},\"criteria\":null},{\"key\":\"1-2\",\"operation\":\"Measure the Connector[A] with Fiber Inspection Probe[C].\",\"target\":{\"title\":\"Connector[B]\",\"image\":\"https://resource.fs.com/mall/mainImg/20220711182057s9mjl7.jpg\"},\"tool\":{\"title\":\"FIP\",\"image\":\"https://opticom.bg/images/2/973561890856bbe258abf964e8931f98/fip-400b-mf-usb-2-1550.jpg\"},\"criteria\":{\"criteria\":[\"IEC 61300-3-35:2022\"]}},{\"key\":\"1-3\",\"operation\":\"Measure the Connector[A] with Fiber Inspection Probe[C].\",\"target\":{\"title\":\"Connector[B]\",\"image\":\"https://resource.fs.com/mall/mainImg/20220711182057s9mjl7.jpg\"},\"tool\":{\"title\":\"FIP\",\"image\":\"https://opticom.bg/images/2/973561890856bbe258abf964e8931f98/fip-400b-mf-usb-2-1550.jpg\"},\"criteria\":{\"criteria\":[\"IEC 61300-3-35:2022\"]}},{\"key\":\"1-4\",\"operation\":\"Measure the Connector[A] with Fiber Inspection Probe[C].\",\"target\":{\"title\":\"Connector[B]\",\"image\":\"https://resource.fs.com/mall/mainImg/20220711182057s9mjl7.jpg\"},\"tool\":{\"title\":\"FIP\",\"image\":\"https://opticom.bg/images/2/973561890856bbe258abf964e8931f98/fip-400b-mf-usb-2-1550.jpg\"},\"criteria\":{\"criteria\":[\"IEC 61300-3-35:2022\"]}},{\"key\":\"1-5\",\"operation\":\"Measure the Connector[A] with Fiber Inspection Probe[C].\",\"target\":{\"title\":\"Connector[B]\",\"image\":\"https://resource.fs.com/mall/mainImg/20220711182057s9mjl7.jpg\"},\"tool\":{\"title\":\"FIP\",\"image\":\"https://opticom.bg/images/2/973561890856bbe258abf964e8931f98/fip-400b-mf-usb-2-1550.jpg\"},\"criteria\":{\"criteria\":[\"IEC 61300-3-35:2022\"]}},{\"key\":\"1-6\",\"operation\":\"Connect the Connector[A] of LEFT side to the OTDR[D] and start Test\",\"target\":{\"title\":\"Connector[A]\",\"image\":\"https://resource.fs.com/mall/mainImg/20220711182057s9mjl7.jpg\"},\"tool\":{\"title\":\"OTDR\",\"image\":\"https://www.viavisolutions.com/sites/default/files/styles/d10_scale/public/main-images/smartotdr_with_new_gui.jpg.webp?itok=jTHlzBpP\"},\"criteria\":{\"criteria\":[\"ORL < -50dB\",\"Total Loss < 1.0dB\"]}},{\"key\":\"1-7\",\"operation\":\"Connect the Connector[A] of RIGHT side to the OTDR[D] and start Test\",\"target\":{\"title\":\"Connector[A]\",\"image\":\"https://resource.fs.com/mall/mainImg/20220711182057s9mjl7.jpg\"},\"tool\":{\"title\":\"OTDR\",\"image\":\"https://www.viavisolutions.com/sites/default/files/styles/d10_scale/public/main-images/smartotdr_with_new_gui.jpg.webp?itok=jTHlzBpP\"},\"criteria\":{\"criteria\":[\"ORL < -50dB\",\"Total Loss < 1.0dB\"]}}]},{\"title\":\"Step 2 ; Fiber Characterization\",\"images\":[\"https://www.khrista.co.id/wp-content/uploads/2016/03/iloop.png\"],\"lines\":[{\"key\":\"2-1\",\"operation\":\"Clean the connector[A] with the Connector Cleaner[B].\",\"target\":null,\"tool\":{\"title\":null,\"image\":\"https://www.opticfibertool.com/cdn/shop/products/TB14zh3AVY7gK0jSZKzXcmikpXa_400x.jpg?v=1600273777\"},\"criteria\":null},{\"key\":\"2-2\",\"operation\":\"Measure the Connector[A] with Fiber Inspection Probe[C].\",\"target\":null,\"tool\":null,\"criteria\":null},{\"key\":\"2-3\",\"operation\":\"Connect the Connector[A] to the OTDR[D] and start Test\",\"target\":null,\"tool\":null,\"criteria\":null}]}],\"authors\":[\"tupac@deathrow.com\",\"dr.dre@deathrow.com\"]}','FTTH Construction'),(27,NULL,NULL,NULL,NULL,'{\"id\":27,\"title\":\"Sub-Marine Construction\",\"category\":\"Sub-Marine\",\"image\":\"https://www.khrista.co.id/wp-content/uploads/2016/03/ftta.png\",\"description\":\"Once the design of the network has been completed, the lifecycle of a network generally consists of three main phases: construction, activation and maintenance. The following sections highlight some the key testing elements that should be considered during the Construction and Service Validation Phase.\",\"sections\":[{\"title\":\"Step 1 ; Connector Cleanliness\",\"images\":[\"https://www.khrista.co.id/wp-content/uploads/2016/03/connector-inspect.png\",\"https://www.tyheatshrink.com/Uploads/image/20140813/20140813081803_65733.jpg\"],\"lines\":[{\"key\":\"1-1\",\"operation\":\"Clean the connector[A] with the Connector Cleaner[B].\",\"target\":{\"title\":\"Connector[A]\",\"image\":\"https://resource.fs.com/mall/mainImg/20220711182057s9mjl7.jpg\"},\"tool\":{\"title\":\"Cleaner\",\"image\":\"https://www.opticfibertool.com/cdn/shop/products/TB14zh3AVY7gK0jSZKzXcmikpXa_400x.jpg?v=1600273777\"},\"criteria\":null},{\"key\":\"1-2\",\"operation\":\"Measure the Connector[A] with Fiber Inspection Probe[C].\",\"target\":{\"title\":\"Connector[B]\",\"image\":\"https://resource.fs.com/mall/mainImg/20220711182057s9mjl7.jpg\"},\"tool\":{\"title\":\"FIP\",\"image\":\"https://opticom.bg/images/2/973561890856bbe258abf964e8931f98/fip-400b-mf-usb-2-1550.jpg\"},\"criteria\":{\"criteria\":[\"IEC 61300-3-35:2022\"]}},{\"key\":\"1-3\",\"operation\":\"Measure the Connector[A] with Fiber Inspection Probe[C].\",\"target\":{\"title\":\"Connector[B]\",\"image\":\"https://resource.fs.com/mall/mainImg/20220711182057s9mjl7.jpg\"},\"tool\":{\"title\":\"FIP\",\"image\":\"https://opticom.bg/images/2/973561890856bbe258abf964e8931f98/fip-400b-mf-usb-2-1550.jpg\"},\"criteria\":{\"criteria\":[\"IEC 61300-3-35:2022\"]}},{\"key\":\"1-4\",\"operation\":\"Measure the Connector[A] with Fiber Inspection Probe[C].\",\"target\":{\"title\":\"Connector[B]\",\"image\":\"https://resource.fs.com/mall/mainImg/20220711182057s9mjl7.jpg\"},\"tool\":{\"title\":\"FIP\",\"image\":\"https://opticom.bg/images/2/973561890856bbe258abf964e8931f98/fip-400b-mf-usb-2-1550.jpg\"},\"criteria\":{\"criteria\":[\"IEC 61300-3-35:2022\"]}},{\"key\":\"1-5\",\"operation\":\"Measure the Connector[A] with Fiber Inspection Probe[C].\",\"target\":{\"title\":\"Connector[B]\",\"image\":\"https://resource.fs.com/mall/mainImg/20220711182057s9mjl7.jpg\"},\"tool\":{\"title\":\"FIP\",\"image\":\"https://opticom.bg/images/2/973561890856bbe258abf964e8931f98/fip-400b-mf-usb-2-1550.jpg\"},\"criteria\":{\"criteria\":[\"IEC 61300-3-35:2022\"]}},{\"key\":\"1-6\",\"operation\":\"Connect the Connector[A] of LEFT side to the OTDR[D] and start Test\",\"target\":{\"title\":\"Connector[A]\",\"image\":\"https://resource.fs.com/mall/mainImg/20220711182057s9mjl7.jpg\"},\"tool\":{\"title\":\"OTDR\",\"image\":\"https://www.viavisolutions.com/sites/default/files/styles/d10_scale/public/main-images/smartotdr_with_new_gui.jpg.webp?itok=jTHlzBpP\"},\"criteria\":{\"criteria\":[\"ORL < -50dB\",\"Total Loss < 1.0dB\"]}},{\"key\":\"1-7\",\"operation\":\"Connect the Connector[A] of RIGHT side to the OTDR[D] and start Test\",\"target\":{\"title\":\"Connector[A]\",\"image\":\"https://resource.fs.com/mall/mainImg/20220711182057s9mjl7.jpg\"},\"tool\":{\"title\":\"OTDR\",\"image\":\"https://www.viavisolutions.com/sites/default/files/styles/d10_scale/public/main-images/smartotdr_with_new_gui.jpg.webp?itok=jTHlzBpP\"},\"criteria\":{\"criteria\":[\"ORL < -50dB\",\"Total Loss < 1.0dB\"]}}]},{\"title\":\"Step 2 ; Fiber Characterization\",\"images\":[\"https://www.khrista.co.id/wp-content/uploads/2016/03/iloop.png\"],\"lines\":[{\"key\":\"2-1\",\"operation\":\"Clean the connector[A] with the Connector Cleaner[B].\",\"target\":null,\"tool\":{\"title\":null,\"image\":\"https://www.opticfibertool.com/cdn/shop/products/TB14zh3AVY7gK0jSZKzXcmikpXa_400x.jpg?v=1600273777\"},\"criteria\":null},{\"key\":\"2-2\",\"operation\":\"Measure the Connector[A] with Fiber Inspection Probe[C].\",\"target\":null,\"tool\":null,\"criteria\":null},{\"key\":\"2-3\",\"operation\":\"Connect the Connector[A] to the OTDR[D] and start Test\",\"target\":null,\"tool\":null,\"criteria\":null}]}],\"authors\":[\"tupac@deathrow.com\",\"dr.dre@deathrow.com\"]}','Sub-Marine Construction'),(28,NULL,NULL,NULL,NULL,'{\"id\":28,\"title\":\"FTTA Construction\",\"category\":\"FTTA\",\"image\":\"https://www.khrista.co.id/wp-content/uploads/2016/03/ftta.png\",\"description\":\"Once the design of the network has been completed, the lifecycle of a network generally consists of three main phases: construction, activation and maintenance. The following sections highlight some the key testing elements that should be considered during the Construction and Service Validation Phase.\",\"sections\":[{\"title\":\"Step 1 ; Connector Cleanliness\",\"images\":[\"https://www.khrista.co.id/wp-content/uploads/2016/03/connector-inspect.png\",\"https://www.tyheatshrink.com/Uploads/image/20140813/20140813081803_65733.jpg\"],\"lines\":[{\"key\":\"1-1\",\"operation\":\"Clean the connector[A] with the Connector Cleaner[B].\",\"target\":{\"title\":\"Connector[A]\",\"image\":\"https://resource.fs.com/mall/mainImg/20220711182057s9mjl7.jpg\"},\"tool\":{\"title\":\"Cleaner\",\"image\":\"https://www.opticfibertool.com/cdn/shop/products/TB14zh3AVY7gK0jSZKzXcmikpXa_400x.jpg?v=1600273777\"},\"criteria\":null},{\"key\":\"1-2\",\"operation\":\"Measure the Connector[A] with Fiber Inspection Probe[C].\",\"target\":{\"title\":\"Connector[B]\",\"image\":\"https://resource.fs.com/mall/mainImg/20220711182057s9mjl7.jpg\"},\"tool\":{\"title\":\"FIP\",\"image\":\"https://opticom.bg/images/2/973561890856bbe258abf964e8931f98/fip-400b-mf-usb-2-1550.jpg\"},\"criteria\":{\"criteria\":[\"IEC 61300-3-35:2022\"]}},{\"key\":\"1-3\",\"operation\":\"Measure the Connector[A] with Fiber Inspection Probe[C].\",\"target\":{\"title\":\"Connector[B]\",\"image\":\"https://resource.fs.com/mall/mainImg/20220711182057s9mjl7.jpg\"},\"tool\":{\"title\":\"FIP\",\"image\":\"https://opticom.bg/images/2/973561890856bbe258abf964e8931f98/fip-400b-mf-usb-2-1550.jpg\"},\"criteria\":{\"criteria\":[\"IEC 61300-3-35:2022\"]}},{\"key\":\"1-4\",\"operation\":\"Measure the Connector[A] with Fiber Inspection Probe[C].\",\"target\":{\"title\":\"Connector[B]\",\"image\":\"https://resource.fs.com/mall/mainImg/20220711182057s9mjl7.jpg\"},\"tool\":{\"title\":\"FIP\",\"image\":\"https://opticom.bg/images/2/973561890856bbe258abf964e8931f98/fip-400b-mf-usb-2-1550.jpg\"},\"criteria\":{\"criteria\":[\"IEC 61300-3-35:2022\"]}},{\"key\":\"1-5\",\"operation\":\"Measure the Connector[A] with Fiber Inspection Probe[C].\",\"target\":{\"title\":\"Connector[B]\",\"image\":\"https://resource.fs.com/mall/mainImg/20220711182057s9mjl7.jpg\"},\"tool\":{\"title\":\"FIP\",\"image\":\"https://opticom.bg/images/2/973561890856bbe258abf964e8931f98/fip-400b-mf-usb-2-1550.jpg\"},\"criteria\":{\"criteria\":[\"IEC 61300-3-35:2022\"]}},{\"key\":\"1-6\",\"operation\":\"Connect the Connector[A] of LEFT side to the OTDR[D] and start Test\",\"target\":{\"title\":\"Connector[A]\",\"image\":\"https://resource.fs.com/mall/mainImg/20220711182057s9mjl7.jpg\"},\"tool\":{\"title\":\"OTDR\",\"image\":\"https://www.viavisolutions.com/sites/default/files/styles/d10_scale/public/main-images/smartotdr_with_new_gui.jpg.webp?itok=jTHlzBpP\"},\"criteria\":{\"criteria\":[\"ORL < -50dB\",\"Total Loss < 1.0dB\"]}},{\"key\":\"1-7\",\"operation\":\"Connect the Connector[A] of RIGHT side to the OTDR[D] and start Test\",\"target\":{\"title\":\"Connector[A]\",\"image\":\"https://resource.fs.com/mall/mainImg/20220711182057s9mjl7.jpg\"},\"tool\":{\"title\":\"OTDR\",\"image\":\"https://www.viavisolutions.com/sites/default/files/styles/d10_scale/public/main-images/smartotdr_with_new_gui.jpg.webp?itok=jTHlzBpP\"},\"criteria\":{\"criteria\":[\"ORL < -50dB\",\"Total Loss < 1.0dB\"]}}]},{\"title\":\"Step 2 ; Fiber Characterization\",\"images\":[\"https://www.khrista.co.id/wp-content/uploads/2016/03/iloop.png\"],\"lines\":[{\"key\":\"2-1\",\"operation\":\"Clean the connector[A] with the Connector Cleaner[B].\",\"target\":null,\"tool\":{\"title\":null,\"image\":\"https://www.opticfibertool.com/cdn/shop/products/TB14zh3AVY7gK0jSZKzXcmikpXa_400x.jpg?v=1600273777\"},\"criteria\":null},{\"key\":\"2-2\",\"operation\":\"Measure the Connector[A] with Fiber Inspection Probe[C].\",\"target\":null,\"tool\":null,\"criteria\":null},{\"key\":\"2-3\",\"operation\":\"Connect the Connector[A] to the OTDR[D] and start Test\",\"target\":null,\"tool\":null,\"criteria\":null}]}],\"authors\":[\"tupac@deathrow.com\",\"dr.dre@deathrow.com\"]}','FTTA Construction'),(29,NULL,NULL,NULL,NULL,'{\"id\":29,\"title\":\"FTTA Service Activation\",\"category\":\"FTTA\",\"image\":\"https://www.khrista.co.id/wp-content/uploads/2016/03/rrh-validation.png\",\"description\":\"Remote Radio Head (RRH) and Baseband Unit (BBU) Validation\",\"sections\":[{\"title\":\"Step 3 ; Connector Cleanliness\",\"images\":[\"https://www.khrista.co.id/wp-content/uploads/2016/03/connector-inspect.png\"],\"lines\":[{\"key\":\"1-1\",\"operation\":\"RRH validation using baseband-unit (BBU) emulation with a CPRI protocol analyzer at the specified rate (from base station)\",\"target\":null,\"tool\":null,\"criteria\":null},{\"key\":\"1-2\",\"operation\":\"BBU validation using RRH emulation with a CPRI protocol analyzer at the specified rate (from base station)\",\"target\":null,\"tool\":null,\"criteria\":null},{\"key\":\"1-3\",\"operation\":\"Verification that small form-factor pluggable (SFP) transceivers are installed and connected correctly\",\"target\":null,\"tool\":null,\"criteria\":null},{\"key\":\"1-4\",\"operation\":\"Test at the bottom of the base station, or kilometers away\",\"target\":null,\"tool\":null,\"criteria\":null}]},{\"title\":\"Step 4 ; Fiber Characterization\",\"images\":[\"https://www.khrista.co.id/wp-content/uploads/2016/03/iloop.png\"],\"lines\":[{\"key\":\"2-1\",\"operation\":\"Clean the connector[A] with the Connector Cleaner[B].\",\"target\":null,\"tool\":{\"title\":null,\"image\":\"https://www.opticfibertool.com/cdn/shop/products/TB14zh3AVY7gK0jSZKzXcmikpXa_400x.jpg?v=1600273777\"},\"criteria\":null},{\"key\":\"2-2\",\"operation\":\"Measure the Connector[A] with Fiber Inspection Probe[C].\",\"target\":null,\"tool\":null,\"criteria\":null},{\"key\":\"2-3\",\"operation\":\"Connect the Connector[A] to the OTDR[D] and start Test\",\"target\":null,\"tool\":null,\"criteria\":null}]}],\"authors\":null}','FTTA Service Activation'),(30,NULL,NULL,NULL,NULL,'{\"id\":30,\"title\":\"FTTA Construction\",\"category\":\"FTTA\",\"image\":\"https://www.khrista.co.id/wp-content/uploads/2016/03/ftta.png\",\"description\":\"Once the design of the network has been completed, the lifecycle of a network generally consists of three main phases: construction, activation and maintenance. The following sections highlight some the key testing elements that should be considered during the Construction and Service Validation Phase.\",\"sections\":[{\"title\":\"Step 1 ; Connector Cleanliness\",\"images\":[\"https://www.khrista.co.id/wp-content/uploads/2016/03/connector-inspect.png\",\"https://www.tyheatshrink.com/Uploads/image/20140813/20140813081803_65733.jpg\"],\"lines\":[{\"key\":\"1-1\",\"operation\":\"Clean the connector[A] with the Connector Cleaner.\",\"target\":{\"title\":\"Connector[A]\",\"image\":\"https://resource.fs.com/mall/mainImg/20220711182057s9mjl7.jpg\"},\"tool\":{\"title\":\"Cleaner\",\"image\":\"https://www.opticfibertool.com/cdn/shop/products/TB14zh3AVY7gK0jSZKzXcmikpXa_400x.jpg?v=1600273777\"},\"criteria\":null},{\"key\":\"1-2\",\"operation\":\"Measure the Connector[A] with Fiber Inspection Probe.\",\"target\":{\"title\":\"Connector[B]\",\"image\":\"https://resource.fs.com/mall/mainImg/20220711182057s9mjl7.jpg\"},\"tool\":{\"title\":\"FIP\",\"image\":\"https://opticom.bg/images/2/973561890856bbe258abf964e8931f98/fip-400b-mf-usb-2-1550.jpg\"},\"criteria\":{\"criteria\":[\"IEC 61300-3-35:2022\"]}},{\"key\":\"1-3\",\"operation\":\"Measure the Connector[B] with Fiber Inspection Probe.\",\"target\":{\"title\":\"Connector[B]\",\"image\":\"https://resource.fs.com/mall/mainImg/20220711182057s9mjl7.jpg\"},\"tool\":{\"title\":\"FIP\",\"image\":\"https://opticom.bg/images/2/973561890856bbe258abf964e8931f98/fip-400b-mf-usb-2-1550.jpg\"},\"criteria\":{\"criteria\":[\"IEC 61300-3-35:2022\"]}},{\"key\":\"1-4\",\"operation\":\"Measure the Connector[C] with Fiber Inspection Probe.\",\"target\":{\"title\":\"Connector[B]\",\"image\":\"https://resource.fs.com/mall/mainImg/20220711182057s9mjl7.jpg\"},\"tool\":{\"title\":\"FIP\",\"image\":\"https://opticom.bg/images/2/973561890856bbe258abf964e8931f98/fip-400b-mf-usb-2-1550.jpg\"},\"criteria\":{\"criteria\":[\"IEC 61300-3-35:2022\"]}},{\"key\":\"1-5\",\"operation\":\"Measure the Connector[D] with Fiber Inspection Probe.\",\"target\":{\"title\":\"Connector[B]\",\"image\":\"https://resource.fs.com/mall/mainImg/20220711182057s9mjl7.jpg\"},\"tool\":{\"title\":\"FIP\",\"image\":\"https://opticom.bg/images/2/973561890856bbe258abf964e8931f98/fip-400b-mf-usb-2-1550.jpg\"},\"criteria\":{\"criteria\":[\"IEC 61300-3-35:2022\"]}},{\"key\":\"1-6\",\"operation\":\"Connect the Connector[A] of LEFT side to the OTDR and start Test\",\"target\":{\"title\":\"Connector[A]\",\"image\":\"https://resource.fs.com/mall/mainImg/20220711182057s9mjl7.jpg\"},\"tool\":{\"title\":\"OTDR\",\"image\":\"https://www.viavisolutions.com/sites/default/files/styles/d10_scale/public/main-images/smartotdr_with_new_gui.jpg.webp?itok=jTHlzBpP\"},\"criteria\":{\"criteria\":[\"ORL < -50dB\",\"Total Loss < 1.0dB\"]}},{\"key\":\"1-7\",\"operation\":\"Connect the Connector[B] of RIGHT side to the OTDR and start Test\",\"target\":{\"title\":\"Connector[A]\",\"image\":\"https://resource.fs.com/mall/mainImg/20220711182057s9mjl7.jpg\"},\"tool\":{\"title\":\"OTDR\",\"image\":\"https://www.viavisolutions.com/sites/default/files/styles/d10_scale/public/main-images/smartotdr_with_new_gui.jpg.webp?itok=jTHlzBpP\"},\"criteria\":{\"criteria\":[\"ORL < -50dB\",\"Total Loss < 1.0dB\"]}}]},{\"title\":\"Step 2 ; Fiber Characterization\",\"images\":[\"https://www.khrista.co.id/wp-content/uploads/2016/03/iloop.png\"],\"lines\":[{\"key\":\"2-1\",\"operation\":\"Clean the connector[A] with the Connector Cleaner.\",\"target\":{\"title\":\"Connector[A]\",\"image\":\"https://resource.fs.com/mall/mainImg/20220711182057s9mjl7.jpg\"},\"tool\":{\"title\":\"Cleaner\",\"image\":\"https://www.opticfibertool.com/cdn/shop/products/TB14zh3AVY7gK0jSZKzXcmikpXa_400x.jpg?v=1600273777\"},\"criteria\":null},{\"key\":\"2-2\",\"operation\":\"Measure the Connector[A] with Fiber Inspection Probe.\",\"target\":{\"title\":\"Connector[B]\",\"image\":\"https://resource.fs.com/mall/mainImg/20220711182057s9mjl7.jpg\"},\"tool\":{\"title\":\"FIP\",\"image\":\"https://opticom.bg/images/2/973561890856bbe258abf964e8931f98/fip-400b-mf-usb-2-1550.jpg\"},\"criteria\":{\"criteria\":[\"IEC 61300-3-35:2022\"]}},{\"key\":\"2-3\",\"operation\":\"Measure the Connector[B] with Fiber Inspection Probe.\",\"target\":{\"title\":\"Connector[B]\",\"image\":\"https://resource.fs.com/mall/mainImg/20220711182057s9mjl7.jpg\"},\"tool\":{\"title\":\"FIP\",\"image\":\"https://opticom.bg/images/2/973561890856bbe258abf964e8931f98/fip-400b-mf-usb-2-1550.jpg\"},\"criteria\":{\"criteria\":[\"IEC 61300-3-35:2022\"]}},{\"key\":\"2-4\",\"operation\":\"Measure the Connector[C] with Fiber Inspection Probe.\",\"target\":{\"title\":\"Connector[B]\",\"image\":\"https://resource.fs.com/mall/mainImg/20220711182057s9mjl7.jpg\"},\"tool\":{\"title\":\"FIP\",\"image\":\"https://opticom.bg/images/2/973561890856bbe258abf964e8931f98/fip-400b-mf-usb-2-1550.jpg\"},\"criteria\":{\"criteria\":[\"IEC 61300-3-35:2022\"]}},{\"key\":\"2-5\",\"operation\":\"Measure the Connector[D] with Fiber Inspection Probe.\",\"target\":{\"title\":\"Connector[B]\",\"image\":\"https://resource.fs.com/mall/mainImg/20220711182057s9mjl7.jpg\"},\"tool\":{\"title\":\"FIP\",\"image\":\"https://opticom.bg/images/2/973561890856bbe258abf964e8931f98/fip-400b-mf-usb-2-1550.jpg\"},\"criteria\":{\"criteria\":[\"IEC 61300-3-35:2022\"]}},{\"key\":\"2-6\",\"operation\":\"Connect the Connector[A] of LEFT side to the OTDR and start Test\",\"target\":{\"title\":\"Connector[A]\",\"image\":\"https://resource.fs.com/mall/mainImg/20220711182057s9mjl7.jpg\"},\"tool\":{\"title\":\"OTDR\",\"image\":\"https://www.viavisolutions.com/sites/default/files/styles/d10_scale/public/main-images/smartotdr_with_new_gui.jpg.webp?itok=jTHlzBpP\"},\"criteria\":{\"criteria\":[\"ORL < -50dB\",\"Total Loss < 1.0dB\"]}},{\"key\":\"2-7\",\"operation\":\"Connect the Connector[B] of RIGHT side to the OTDR and start Test\",\"target\":{\"title\":\"Connector[A]\",\"image\":\"https://resource.fs.com/mall/mainImg/20220711182057s9mjl7.jpg\"},\"tool\":{\"title\":\"OTDR\",\"image\":\"https://www.viavisolutions.com/sites/default/files/styles/d10_scale/public/main-images/smartotdr_with_new_gui.jpg.webp?itok=jTHlzBpP\"},\"criteria\":{\"criteria\":[\"ORL < -50dB\",\"Total Loss < 1.0dB\"]}}]}],\"authors\":[\"tupac@deathrow.com\",\"dr.dre@deathrow.com\"]}','FTTA Construction'),(31,NULL,NULL,NULL,NULL,'{\"id\":31,\"title\":\"FTTA Construction\",\"category\":\"FTTA\",\"image\":\"https://www.khrista.co.id/wp-content/uploads/2016/03/ftta.png\",\"description\":\"Once the design of the network has been completed, the lifecycle of a network generally consists of three main phases: construction, activation and maintenance. The following sections highlight some the key testing elements that should be considered during the Construction and Service Validation Phase.\",\"sections\":[{\"title\":\"Step 1 ; Connector Cleanliness\",\"images\":[\"https://www.khrista.co.id/wp-content/uploads/2016/03/connector-inspect.png\",\"https://www.tyheatshrink.com/Uploads/image/20140813/20140813081803_65733.jpg\"],\"lines\":[{\"key\":\"1-1\",\"operation\":\"Clean the connector[A] with the Connector Cleaner[B].\",\"target\":{\"title\":\"Connector[A]\",\"image\":\"https://resource.fs.com/mall/mainImg/20220711182057s9mjl7.jpg\"},\"tool\":{\"title\":\"Cleaner\",\"image\":\"https://www.opticfibertool.com/cdn/shop/products/TB14zh3AVY7gK0jSZKzXcmikpXa_400x.jpg?v=1600273777\"},\"criteria\":null},{\"key\":\"1-2\",\"operation\":\"Measure the Connector[A] with Fiber Inspection Probe[C].\",\"target\":{\"title\":\"Connector[B]\",\"image\":\"https://resource.fs.com/mall/mainImg/20220711182057s9mjl7.jpg\"},\"tool\":{\"title\":\"FIP\",\"image\":\"https://opticom.bg/images/2/973561890856bbe258abf964e8931f98/fip-400b-mf-usb-2-1550.jpg\"},\"criteria\":{\"criteria\":[\"IEC 61300-3-35:2022\"]}},{\"key\":\"1-3\",\"operation\":\"Measure the Connector[A] with Fiber Inspection Probe[C].\",\"target\":{\"title\":\"Connector[C]\",\"image\":\"https://resource.fs.com/mall/mainImg/20220711182057s9mjl7.jpg\"},\"tool\":{\"title\":\"FIP\",\"image\":\"https://opticom.bg/images/2/973561890856bbe258abf964e8931f98/fip-400b-mf-usb-2-1550.jpg\"},\"criteria\":{\"criteria\":[\"IEC 61300-3-35:2022\"]}},{\"key\":\"1-4\",\"operation\":\"Measure the Connector[A] with Fiber Inspection Probe[C].\",\"target\":{\"title\":\"Connector[D]\",\"image\":\"https://resource.fs.com/mall/mainImg/20220711182057s9mjl7.jpg\"},\"tool\":{\"title\":\"FIP\",\"image\":\"https://opticom.bg/images/2/973561890856bbe258abf964e8931f98/fip-400b-mf-usb-2-1550.jpg\"},\"criteria\":{\"criteria\":[\"IEC 61300-3-35:2022\"]}},{\"key\":\"1-5\",\"operation\":\"Measure the Connector[A] with Fiber Inspection Probe[C].\",\"target\":{\"title\":\"Connector[E]\",\"image\":\"https://resource.fs.com/mall/mainImg/20220711182057s9mjl7.jpg\"},\"tool\":{\"title\":\"FIP\",\"image\":\"https://opticom.bg/images/2/973561890856bbe258abf964e8931f98/fip-400b-mf-usb-2-1550.jpg\"},\"criteria\":{\"criteria\":[\"IEC 61300-3-35:2022\"]}},{\"key\":\"1-6\",\"operation\":\"Connect the Connector[A] of LEFT side to the OTDR[D] and start Test\",\"target\":{\"title\":\"Connector[F]\",\"image\":\"https://resource.fs.com/mall/mainImg/20220711182057s9mjl7.jpg\"},\"tool\":{\"title\":\"OTDR\",\"image\":\"https://www.viavisolutions.com/sites/default/files/styles/d10_scale/public/main-images/smartotdr_with_new_gui.jpg.webp?itok=jTHlzBpP\"},\"criteria\":{\"criteria\":[\"ORL < -50dB\",\"Total Loss < 1.0dB\"]}},{\"key\":\"1-7\",\"operation\":\"Connect the Connector[A] of RIGHT side to the OTDR[D] and start Test\",\"target\":{\"title\":\"Connector[G]\",\"image\":\"https://resource.fs.com/mall/mainImg/20220711182057s9mjl7.jpg\"},\"tool\":{\"title\":\"OTDR\",\"image\":\"https://www.viavisolutions.com/sites/default/files/styles/d10_scale/public/main-images/smartotdr_with_new_gui.jpg.webp?itok=jTHlzBpP\"},\"criteria\":{\"criteria\":[\"ORL < -50dB\",\"Total Loss < 1.0dB\"]}}]},{\"title\":\"Step 2 ; Fiber Characterization\",\"images\":[\"https://www.khrista.co.id/wp-content/uploads/2016/03/iloop.png\"],\"lines\":[{\"key\":\"2-1\",\"operation\":\"Clean the connector[A] with the Connector Cleaner[B].\",\"target\":null,\"tool\":{\"title\":null,\"image\":\"https://www.opticfibertool.com/cdn/shop/products/TB14zh3AVY7gK0jSZKzXcmikpXa_400x.jpg?v=1600273777\"},\"criteria\":null},{\"key\":\"2-2\",\"operation\":\"Measure the Connector[A] with Fiber Inspection Probe[C].\",\"target\":null,\"tool\":null,\"criteria\":null},{\"key\":\"2-3\",\"operation\":\"Connect the Connector[A] to the OTDR[D] and start Test\",\"target\":null,\"tool\":null,\"criteria\":null}]}],\"authors\":[\"tupac@deathrow.com\",\"dr.dre@deathrow.com\"]}','FTTA Construction');
/*!40000 ALTER TABLE `mop` ENABLE KEYS */;
UNLOCK TABLES;

--
-- Table structure for table `mop_line`
--

DROP TABLE IF EXISTS `mop_line`;
/*!40101 SET @saved_cs_client     = @@character_set_client */;
/*!50503 SET character_set_client = utf8mb4 */;
CREATE TABLE `mop_line` (
  `id` bigint NOT NULL AUTO_INCREMENT,
  `operation` varchar(255) DEFAULT NULL,
  `target` varchar(255) DEFAULT NULL,
  `target_image` varchar(255) DEFAULT NULL,
  `tool` varchar(255) DEFAULT NULL,
  `tool_image` varchar(255) DEFAULT NULL,
  `mopsection_id` bigint DEFAULT NULL,
  `criteria` varbinary(255) DEFAULT NULL,
  PRIMARY KEY (`id`),
  KEY `FK6u6p1xnd67hq4s5t1dx9lcbe0` (`mopsection_id`),
  CONSTRAINT `FK6u6p1xnd67hq4s5t1dx9lcbe0` FOREIGN KEY (`mopsection_id`) REFERENCES `mop_section` (`id`)
) ENGINE=InnoDB AUTO_INCREMENT=107 DEFAULT CHARSET=utf8mb4 COLLATE=utf8mb4_0900_ai_ci;
/*!40101 SET character_set_client = @saved_cs_client */;

--
-- Dumping data for table `mop_line`
--

LOCK TABLES `mop_line` WRITE;
/*!40000 ALTER TABLE `mop_line` DISABLE KEYS */;
/*!40000 ALTER TABLE `mop_line` ENABLE KEYS */;
UNLOCK TABLES;

--
-- Table structure for table `mop_section`
--

DROP TABLE IF EXISTS `mop_section`;
/*!40101 SET @saved_cs_client     = @@character_set_client */;
/*!50503 SET character_set_client = utf8mb4 */;
CREATE TABLE `mop_section` (
  `id` bigint NOT NULL AUTO_INCREMENT,
  `images` varbinary(255) DEFAULT NULL,
  `title` varchar(255) DEFAULT NULL,
  `mop_id` bigint DEFAULT NULL,
  PRIMARY KEY (`id`),
  KEY `FK7j1wf4fpljqt1o9ngf4i8gao4` (`mop_id`),
  CONSTRAINT `FK7j1wf4fpljqt1o9ngf4i8gao4` FOREIGN KEY (`mop_id`) REFERENCES `mop` (`id`)
) ENGINE=InnoDB AUTO_INCREMENT=26 DEFAULT CHARSET=utf8mb4 COLLATE=utf8mb4_0900_ai_ci;
/*!40101 SET character_set_client = @saved_cs_client */;

--
-- Dumping data for table `mop_section`
--

LOCK TABLES `mop_section` WRITE;
/*!40000 ALTER TABLE `mop_section` DISABLE KEYS */;
/*!40000 ALTER TABLE `mop_section` ENABLE KEYS */;
UNLOCK TABLES;

--
-- Table structure for table `project`
--

DROP TABLE IF EXISTS `project`;
/*!40101 SET @saved_cs_client     = @@character_set_client */;
/*!50503 SET character_set_client = utf8mb4 */;
CREATE TABLE `project` (
  `id` bigint NOT NULL AUTO_INCREMENT,
  `budget` int NOT NULL,
  `cost_unit` varchar(255) DEFAULT NULL,
  `deadline` datetime(6) DEFAULT NULL,
  `description` varchar(255) DEFAULT NULL,
  `expenditure` int NOT NULL,
  `name` varchar(255) DEFAULT NULL,
  `start` datetime(6) DEFAULT NULL,
  `type` varchar(255) DEFAULT NULL,
  `node_id` bigint DEFAULT NULL,
  `area` varchar(255) DEFAULT NULL,
  PRIMARY KEY (`id`),
  KEY `FKs942d4iwhe7m0ybudwg9wu1u8` (`node_id`),
  CONSTRAINT `FKs942d4iwhe7m0ybudwg9wu1u8` FOREIGN KEY (`node_id`) REFERENCES `project_node` (`id`)
) ENGINE=InnoDB AUTO_INCREMENT=167 DEFAULT CHARSET=utf8mb4 COLLATE=utf8mb4_0900_ai_ci;
/*!40101 SET character_set_client = @saved_cs_client */;

--
-- Dumping data for table `project`
--

LOCK TABLES `project` WRITE;
/*!40000 ALTER TABLE `project` DISABLE KEYS */;
INSERT INTO `project` VALUES (153,1000,'$','2024-09-16 09:00:00.000000','5G deployment, 3 Macro cells, 12 Small cells',100,'FTTA @0012101','2024-07-15 09:00:00.000000','Construction',16095,'Kanagawa, Atsugi, Onna'),(154,1000,'$','2024-09-22 09:00:00.000000','5G deployment, 3 Macro cells, 12 Small cells',100,'FTTA @0012102','2024-07-15 09:00:00.000000','Construction',16100,'Kanagawa, Ebina'),(155,1000,'$','2024-07-15 09:00:00.000000','Monitoring',100,'MONITOR#00001','2024-07-15 09:00:00.000000','Monitoring',16105,'Tokyo, Kanagawa, Saitama'),(156,1000,'$','2024-07-15 09:00:00.000000','Metro Network Monitoring',100,'MONITOR#00001','2024-07-15 09:00:00.000000','Monitoring',16124,'Tokyo East Area'),(157,1000,'$','2024-07-15 11:11:38.731000','Monitoring',100,'MON2','2024-07-15 11:11:38.731000','Monitoring',16143,NULL),(164,0,NULL,'2024-09-05 09:00:00.000000','XGS-PON for 64 subscribers',0,'FTTH #0001213','2024-08-04 09:00:00.000000','Construction',16194,'Tokyo, Kita, Jujo'),(165,0,NULL,'2025-01-22 09:00:00.000000','NG-PON2 for 128 subscribers',0,'FTTH #0001214','2024-01-07 09:00:00.000000','Construction',16203,'Tokyo, Itabashi');
/*!40000 ALTER TABLE `project` ENABLE KEYS */;
UNLOCK TABLES;

--
-- Table structure for table `project_node`
--

DROP TABLE IF EXISTS `project_node`;
/*!40101 SET @saved_cs_client     = @@character_set_client */;
/*!50503 SET character_set_client = utf8mb4 */;
CREATE TABLE `project_node` (
  `id` bigint NOT NULL AUTO_INCREMENT,
  `name` varchar(255) DEFAULT NULL,
  `parentnode_id` bigint DEFAULT NULL,
  `type` varchar(255) DEFAULT NULL,
  `mop_id` bigint DEFAULT NULL,
  PRIMARY KEY (`id`),
  KEY `FKiyt0hifuogrohenw6qdv455wq` (`parentnode_id`),
  KEY `FK4ueblwvvpaibcdoj6pctbxsps` (`mop_id`),
  CONSTRAINT `FK4ueblwvvpaibcdoj6pctbxsps` FOREIGN KEY (`mop_id`) REFERENCES `mop` (`id`),
  CONSTRAINT `FKiyt0hifuogrohenw6qdv455wq` FOREIGN KEY (`parentnode_id`) REFERENCES `project_node` (`id`)
) ENGINE=InnoDB AUTO_INCREMENT=16212 DEFAULT CHARSET=utf8mb4 COLLATE=utf8mb4_0900_ai_ci;
/*!40101 SET character_set_client = @saved_cs_client */;

--
-- Dumping data for table `project_node`
--

LOCK TABLES `project_node` WRITE;
/*!40000 ALTER TABLE `project_node` DISABLE KEYS */;
INSERT INTO `project_node` VALUES (14711,'Fiber Construction#00',NULL,'project',NULL),(14712,'Cable#000',14711,'node',NULL),(14713,'Fiber#000',14712,'dut',NULL),(14714,'Fiber#001',14712,'dut',NULL),(14715,'Fiber#002',14712,'dut',NULL),(14716,'Fiber#003',14712,'dut',NULL),(14717,'Fiber#004',14712,'dut',NULL),(14718,'Fiber#005',14712,'dut',NULL),(14719,'Fiber#006',14712,'dut',NULL),(14720,'Fiber#007',14712,'dut',NULL),(14721,'Cable#001',14711,'node',NULL),(14722,'Fiber#000',14721,'dut',NULL),(14723,'Fiber#001',14721,'dut',NULL),(14724,'Fiber#002',14721,'dut',NULL),(14725,'Fiber#003',14721,'dut',NULL),(14726,'Fiber#004',14721,'dut',NULL),(14727,'Fiber#005',14721,'dut',NULL),(14728,'Fiber#006',14721,'dut',NULL),(14729,'Fiber#007',14721,'dut',NULL),(14730,'Fiber Construction#01',NULL,'project',NULL),(14731,'Cable#000',14730,'node',NULL),(14732,'Fiber#000',14731,'dut',NULL),(14733,'Fiber#001',14731,'dut',NULL),(14734,'Fiber#002',14731,'dut',NULL),(14735,'Fiber#003',14731,'dut',NULL),(14736,'Fiber#004',14731,'dut',NULL),(14737,'Fiber#005',14731,'dut',NULL),(14738,'Fiber#006',14731,'dut',NULL),(14739,'Fiber#007',14731,'dut',NULL),(14740,'Cable#001',14730,'node',NULL),(14741,'Fiber#000',14740,'dut',NULL),(14742,'Fiber#001',14740,'dut',NULL),(14743,'Fiber#002',14740,'dut',NULL),(14744,'Fiber#003',14740,'dut',NULL),(14745,'Fiber#004',14740,'dut',NULL),(14746,'Fiber#005',14740,'dut',NULL),(14747,'Fiber#006',14740,'dut',NULL),(14748,'Fiber#007',14740,'dut',NULL),(14749,'FTTA Construction#00',NULL,'project',NULL),(14750,'Fronthaul',NULL,'dut',NULL),(14751,'Anntena',14749,'node',NULL),(14752,'Upstream',14751,'dut',NULL),(14753,'Downstream',14751,'dut',NULL),(14754,'FTTA Construction#01',NULL,'project',NULL),(14755,'Fronthaul',NULL,'dut',NULL),(14756,'Anntena',14754,'node',NULL),(14757,'Upstream',14756,'dut',NULL),(14758,'Downstream',14756,'dut',NULL),(14759,'Fiber Construction#00',NULL,'project',NULL),(14760,'Cable#000',14759,'node',NULL),(14761,'Fiber#000',14760,'dut',NULL),(14762,'Fiber#001',14760,'dut',NULL),(14763,'Fiber#002',14760,'dut',NULL),(14764,'Fiber#003',14760,'dut',NULL),(14765,'Fiber#004',14760,'dut',NULL),(14766,'Fiber#005',14760,'dut',NULL),(14767,'Fiber#006',14760,'dut',NULL),(14768,'Fiber#007',14760,'dut',NULL),(14769,'Cable#001',14759,'node',NULL),(14770,'Fiber#000',14769,'dut',NULL),(14771,'Fiber#001',14769,'dut',NULL),(14772,'Fiber#002',14769,'dut',NULL),(14773,'Fiber#003',14769,'dut',NULL),(14774,'Fiber#004',14769,'dut',NULL),(14775,'Fiber#005',14769,'dut',NULL),(14776,'Fiber#006',14769,'dut',NULL),(14777,'Fiber#007',14769,'dut',NULL),(14778,'Fiber Construction#01',NULL,'project',NULL),(14779,'Cable#000',14778,'node',NULL),(14780,'Fiber#000',14779,'dut',NULL),(14781,'Fiber#001',14779,'dut',NULL),(14782,'Fiber#002',14779,'dut',NULL),(14783,'Fiber#003',14779,'dut',NULL),(14784,'Fiber#004',14779,'dut',NULL),(14785,'Fiber#005',14779,'dut',NULL),(14786,'Fiber#006',14779,'dut',NULL),(14787,'Fiber#007',14779,'dut',NULL),(14788,'Cable#001',14778,'node',NULL),(14789,'Fiber#000',14788,'dut',NULL),(14790,'Fiber#001',14788,'dut',NULL),(14791,'Fiber#002',14788,'dut',NULL),(14792,'Fiber#003',14788,'dut',NULL),(14793,'Fiber#004',14788,'dut',NULL),(14794,'Fiber#005',14788,'dut',NULL),(14795,'Fiber#006',14788,'dut',NULL),(14796,'Fiber#007',14788,'dut',NULL),(14797,'Fiber Construction#02',NULL,'project',NULL),(14798,'Cable#000',14797,'node',NULL),(14799,'Fiber#000',14798,'dut',NULL),(14800,'Fiber#001',14798,'dut',NULL),(14801,'Fiber#002',14798,'dut',NULL),(14802,'Fiber#003',14798,'dut',NULL),(14803,'Fiber#004',14798,'dut',NULL),(14804,'Fiber#005',14798,'dut',NULL),(14805,'Fiber#006',14798,'dut',NULL),(14806,'Fiber#007',14798,'dut',NULL),(14807,'Cable#001',14797,'node',NULL),(14808,'Fiber#000',14807,'dut',NULL),(14809,'Fiber#001',14807,'dut',NULL),(14810,'Fiber#002',14807,'dut',NULL),(14811,'Fiber#003',14807,'dut',NULL),(14812,'Fiber#004',14807,'dut',NULL),(14813,'Fiber#005',14807,'dut',NULL),(14814,'Fiber#006',14807,'dut',NULL),(14815,'Fiber#007',14807,'dut',NULL),(14816,'Fiber Construction#00',NULL,'project',NULL),(14817,'Cable#000',14816,'node',NULL),(14818,'Fiber#000',14817,'dut',NULL),(14819,'Fiber#001',14817,'dut',NULL),(14820,'Fiber#002',14817,'dut',NULL),(14821,'Fiber#003',14817,'dut',NULL),(14822,'Fiber#004',14817,'dut',NULL),(14823,'Fiber#005',14817,'dut',NULL),(14824,'Fiber#006',14817,'dut',NULL),(14825,'Fiber#007',14817,'dut',NULL),(14826,'Cable#001',14816,'node',NULL),(14827,'Fiber#000',14826,'dut',NULL),(14828,'Fiber#001',14826,'dut',NULL),(14829,'Fiber#002',14826,'dut',NULL),(14830,'Fiber#003',14826,'dut',NULL),(14831,'Fiber#004',14826,'dut',NULL),(14832,'Fiber#005',14826,'dut',NULL),(14833,'Fiber#006',14826,'dut',NULL),(14834,'Fiber#007',14826,'dut',NULL),(14835,'Fiber Construction#01',NULL,'project',NULL),(14836,'Cable#000',14835,'node',NULL),(14837,'Fiber#000',14836,'dut',NULL),(14838,'Fiber#001',14836,'dut',NULL),(14839,'Fiber#002',14836,'dut',NULL),(14840,'Fiber#003',14836,'dut',NULL),(14841,'Fiber#004',14836,'dut',NULL),(14842,'Fiber#005',14836,'dut',NULL),(14843,'Fiber#006',14836,'dut',NULL),(14844,'Fiber#007',14836,'dut',NULL),(14845,'Cable#001',14835,'node',NULL),(14846,'Fiber#000',14845,'dut',NULL),(14847,'Fiber#001',14845,'dut',NULL),(14848,'Fiber#002',14845,'dut',NULL),(14849,'Fiber#003',14845,'dut',NULL),(14850,'Fiber#004',14845,'dut',NULL),(14851,'Fiber#005',14845,'dut',NULL),(14852,'Fiber#006',14845,'dut',NULL),(14853,'Fiber#007',14845,'dut',NULL),(14854,'FTTA Construction#00',NULL,'project',NULL),(14855,'Fronthaul',NULL,'dut',NULL),(14856,'Anntena',14854,'node',NULL),(14857,'Upstream',14856,'dut',NULL),(14858,'Downstream',14856,'dut',NULL),(14859,'FTTA Construction#01',NULL,'project',NULL),(14860,'Fronthaul',NULL,'dut',NULL),(14861,'Anntena',14859,'node',NULL),(14862,'Upstream',14861,'dut',NULL),(14863,'Downstream',14861,'dut',NULL),(14864,'Fiber Construction#00',NULL,'project',NULL),(14865,'Cable#000',14864,'node',NULL),(14866,'Fiber#000',14865,'dut',NULL),(14867,'Fiber#001',14865,'dut',NULL),(14868,'Fiber#002',14865,'dut',NULL),(14869,'Fiber#003',14865,'dut',NULL),(14870,'Fiber#004',14865,'dut',NULL),(14871,'Fiber#005',14865,'dut',NULL),(14872,'Fiber#006',14865,'dut',NULL),(14873,'Fiber#007',14865,'dut',NULL),(14874,'Cable#001',14864,'node',NULL),(14875,'Fiber#000',14874,'dut',NULL),(14876,'Fiber#001',14874,'dut',NULL),(14877,'Fiber#002',14874,'dut',NULL),(14878,'Fiber#003',14874,'dut',NULL),(14879,'Fiber#004',14874,'dut',NULL),(14880,'Fiber#005',14874,'dut',NULL),(14881,'Fiber#006',14874,'dut',NULL),(14882,'Fiber#007',14874,'dut',NULL),(14883,'Fiber Construction#01',NULL,'project',NULL),(14884,'Cable#000',14883,'node',NULL),(14885,'Fiber#000',14884,'dut',NULL),(14886,'Fiber#001',14884,'dut',NULL),(14887,'Fiber#002',14884,'dut',NULL),(14888,'Fiber#003',14884,'dut',NULL),(14889,'Fiber#004',14884,'dut',NULL),(14890,'Fiber#005',14884,'dut',NULL),(14891,'Fiber#006',14884,'dut',NULL),(14892,'Fiber#007',14884,'dut',NULL),(14893,'Cable#001',14883,'node',NULL),(14894,'Fiber#000',14893,'dut',NULL),(14895,'Fiber#001',14893,'dut',NULL),(14896,'Fiber#002',14893,'dut',NULL),(14897,'Fiber#003',14893,'dut',NULL),(14898,'Fiber#004',14893,'dut',NULL),(14899,'Fiber#005',14893,'dut',NULL),(14900,'Fiber#006',14893,'dut',NULL),(14901,'Fiber#007',14893,'dut',NULL),(14902,'Fiber Construction#02',NULL,'project',NULL),(14903,'Cable#000',14902,'node',NULL),(14904,'Fiber#000',14903,'dut',NULL),(14905,'Fiber#001',14903,'dut',NULL),(14906,'Fiber#002',14903,'dut',NULL),(14907,'Fiber#003',14903,'dut',NULL),(14908,'Fiber#004',14903,'dut',NULL),(14909,'Fiber#005',14903,'dut',NULL),(14910,'Fiber#006',14903,'dut',NULL),(14911,'Fiber#007',14903,'dut',NULL),(14912,'Cable#001',14902,'node',NULL),(14913,'Fiber#000',14912,'dut',NULL),(14914,'Fiber#001',14912,'dut',NULL),(14915,'Fiber#002',14912,'dut',NULL),(14916,'Fiber#003',14912,'dut',NULL),(14917,'Fiber#004',14912,'dut',NULL),(14918,'Fiber#005',14912,'dut',NULL),(14919,'Fiber#006',14912,'dut',NULL),(14920,'Fiber#007',14912,'dut',NULL),(14921,'Fiber Construction#00',NULL,'project',NULL),(14922,'Cable#000',14921,'node',NULL),(14923,'Fiber#000',14922,'dut',NULL),(14924,'Fiber#001',14922,'dut',NULL),(14925,'Fiber#002',14922,'dut',NULL),(14926,'Fiber#003',14922,'dut',NULL),(14927,'Fiber#004',14922,'dut',NULL),(14928,'Fiber#005',14922,'dut',NULL),(14929,'Fiber#006',14922,'dut',NULL),(14930,'Fiber#007',14922,'dut',NULL),(14931,'Cable#001',14921,'node',NULL),(14932,'Fiber#000',14931,'dut',NULL),(14933,'Fiber#001',14931,'dut',NULL),(14934,'Fiber#002',14931,'dut',NULL),(14935,'Fiber#003',14931,'dut',NULL),(14936,'Fiber#004',14931,'dut',NULL),(14937,'Fiber#005',14931,'dut',NULL),(14938,'Fiber#006',14931,'dut',NULL),(14939,'Fiber#007',14931,'dut',NULL),(14940,'Fiber Construction#01',NULL,'project',NULL),(14941,'Cable#000',14940,'node',NULL),(14942,'Fiber#000',14941,'dut',NULL),(14943,'Fiber#001',14941,'dut',NULL),(14944,'Fiber#002',14941,'dut',NULL),(14945,'Fiber#003',14941,'dut',NULL),(14946,'Fiber#004',14941,'dut',NULL),(14947,'Fiber#005',14941,'dut',NULL),(14948,'Fiber#006',14941,'dut',NULL),(14949,'Fiber#007',14941,'dut',NULL),(14950,'Cable#001',14940,'node',NULL),(14951,'Fiber#000',14950,'dut',NULL),(14952,'Fiber#001',14950,'dut',NULL),(14953,'Fiber#002',14950,'dut',NULL),(14954,'Fiber#003',14950,'dut',NULL),(14955,'Fiber#004',14950,'dut',NULL),(14956,'Fiber#005',14950,'dut',NULL),(14957,'Fiber#006',14950,'dut',NULL),(14958,'Fiber#007',14950,'dut',NULL),(14959,'FTTA Construction#00',NULL,'project',NULL),(14960,'Fronthaul',NULL,'dut',NULL),(14961,'Anntena',14959,'node',NULL),(14962,'Upstream',14961,'dut',NULL),(14963,'Downstream',14961,'dut',NULL),(14964,'FTTA Construction#01',NULL,'project',NULL),(14965,'Fronthaul',NULL,'dut',NULL),(14966,'Anntena',14964,'node',NULL),(14967,'Upstream',14966,'dut',NULL),(14968,'Downstream',14966,'dut',NULL),(14969,'Fiber Construction#00',NULL,'project',NULL),(14970,'Cable#000',14969,'node',NULL),(14971,'Fiber#000',14970,'dut',NULL),(14972,'Fiber#001',14970,'dut',NULL),(14973,'Fiber#002',14970,'dut',NULL),(14974,'Fiber#003',14970,'dut',NULL),(14975,'Fiber#004',14970,'dut',NULL),(14976,'Fiber#005',14970,'dut',NULL),(14977,'Fiber#006',14970,'dut',NULL),(14978,'Fiber#007',14970,'dut',NULL),(14979,'Cable#001',14969,'node',NULL),(14980,'Fiber#000',14979,'dut',NULL),(14981,'Fiber#001',14979,'dut',NULL),(14982,'Fiber#002',14979,'dut',NULL),(14983,'Fiber#003',14979,'dut',NULL),(14984,'Fiber#004',14979,'dut',NULL),(14985,'Fiber#005',14979,'dut',NULL),(14986,'Fiber#006',14979,'dut',NULL),(14987,'Fiber#007',14979,'dut',NULL),(14988,'Fiber Construction#01',NULL,'project',NULL),(14989,'Cable#000',14988,'node',NULL),(14990,'Fiber#000',14989,'dut',NULL),(14991,'Fiber#001',14989,'dut',NULL),(14992,'Fiber#002',14989,'dut',NULL),(14993,'Fiber#003',14989,'dut',NULL),(14994,'Fiber#004',14989,'dut',NULL),(14995,'Fiber#005',14989,'dut',NULL),(14996,'Fiber#006',14989,'dut',NULL),(14997,'Fiber#007',14989,'dut',NULL),(14998,'Cable#001',14988,'node',NULL),(14999,'Fiber#000',14998,'dut',NULL),(15000,'Fiber#001',14998,'dut',NULL),(15001,'Fiber#002',14998,'dut',NULL),(15002,'Fiber#003',14998,'dut',NULL),(15003,'Fiber#004',14998,'dut',NULL),(15004,'Fiber#005',14998,'dut',NULL),(15005,'Fiber#006',14998,'dut',NULL),(15006,'Fiber#007',14998,'dut',NULL),(15007,'Fiber Construction#02',NULL,'project',NULL),(15008,'Cable#000',15007,'node',NULL),(15009,'Fiber#000',15008,'dut',NULL),(15010,'Fiber#001',15008,'dut',NULL),(15011,'Fiber#002',15008,'dut',NULL),(15012,'Fiber#003',15008,'dut',NULL),(15013,'Fiber#004',15008,'dut',NULL),(15014,'Fiber#005',15008,'dut',NULL),(15015,'Fiber#006',15008,'dut',NULL),(15016,'Fiber#007',15008,'dut',NULL),(15017,'Cable#001',15007,'node',NULL),(15018,'Fiber#000',15017,'dut',NULL),(15019,'Fiber#001',15017,'dut',NULL),(15020,'Fiber#002',15017,'dut',NULL),(15021,'Fiber#003',15017,'dut',NULL),(15022,'Fiber#004',15017,'dut',NULL),(15023,'Fiber#005',15017,'dut',NULL),(15024,'Fiber#006',15017,'dut',NULL),(15025,'Fiber#007',15017,'dut',NULL),(15026,'Fiber Construction#00',NULL,'project',NULL),(15027,'Cable#000',15026,'node',NULL),(15028,'Fiber#000',15027,'dut',NULL),(15029,'Fiber#001',15027,'dut',NULL),(15030,'Fiber#002',15027,'dut',NULL),(15031,'Fiber#003',15027,'dut',NULL),(15032,'Fiber#004',15027,'dut',NULL),(15033,'Fiber#005',15027,'dut',NULL),(15034,'Fiber#006',15027,'dut',NULL),(15035,'Fiber#007',15027,'dut',NULL),(15036,'Cable#001',15026,'node',NULL),(15037,'Fiber#000',15036,'dut',NULL),(15038,'Fiber#001',15036,'dut',NULL),(15039,'Fiber#002',15036,'dut',NULL),(15040,'Fiber#003',15036,'dut',NULL),(15041,'Fiber#004',15036,'dut',NULL),(15042,'Fiber#005',15036,'dut',NULL),(15043,'Fiber#006',15036,'dut',NULL),(15044,'Fiber#007',15036,'dut',NULL),(15045,'Fiber Construction#01',NULL,'project',NULL),(15046,'Cable#000',15045,'node',NULL),(15047,'Fiber#000',15046,'dut',NULL),(15048,'Fiber#001',15046,'dut',NULL),(15049,'Fiber#002',15046,'dut',NULL),(15050,'Fiber#003',15046,'dut',NULL),(15051,'Fiber#004',15046,'dut',NULL),(15052,'Fiber#005',15046,'dut',NULL),(15053,'Fiber#006',15046,'dut',NULL),(15054,'Fiber#007',15046,'dut',NULL),(15055,'Cable#001',15045,'node',NULL),(15056,'Fiber#000',15055,'dut',NULL),(15057,'Fiber#001',15055,'dut',NULL),(15058,'Fiber#002',15055,'dut',NULL),(15059,'Fiber#003',15055,'dut',NULL),(15060,'Fiber#004',15055,'dut',NULL),(15061,'Fiber#005',15055,'dut',NULL),(15062,'Fiber#006',15055,'dut',NULL),(15063,'Fiber#007',15055,'dut',NULL),(15064,'FTTA Construction#00',NULL,'project',NULL),(15065,'Fronthaul',NULL,'dut',NULL),(15066,'Anntena',15064,'node',NULL),(15067,'Upstream',15066,'dut',NULL),(15068,'Fiber Construction#00',NULL,'project',NULL),(15069,'Cable#000',15068,'node',NULL),(15070,'Fiber#000',15069,'dut',NULL),(15071,'Fiber#001',15069,'dut',NULL),(15072,'Fiber#002',15069,'dut',NULL),(15073,'Fiber#003',15069,'dut',NULL),(15074,'Fiber#004',15069,'dut',NULL),(15075,'Fiber#005',15069,'dut',NULL),(15076,'Fiber#006',15069,'dut',NULL),(15077,'Fiber#007',15069,'dut',NULL),(15078,'Cable#001',15068,'node',NULL),(15079,'Fiber#000',15078,'dut',NULL),(15080,'Fiber#001',15078,'dut',NULL),(15081,'Fiber#002',15078,'dut',NULL),(15082,'Fiber#003',15078,'dut',NULL),(15083,'Fiber#004',15078,'dut',NULL),(15084,'Fiber#005',15078,'dut',NULL),(15085,'Fiber#006',15078,'dut',NULL),(15086,'Fiber#007',15078,'dut',NULL),(15087,'Fiber Construction#01',NULL,'project',NULL),(15088,'Cable#000',15087,'node',NULL),(15089,'Fiber#000',15088,'dut',NULL),(15090,'Fiber#001',15088,'dut',NULL),(15091,'Fiber#002',15088,'dut',NULL),(15092,'Fiber#003',15088,'dut',NULL),(15093,'Fiber#004',15088,'dut',NULL),(15094,'Fiber#005',15088,'dut',NULL),(15095,'Fiber#006',15088,'dut',NULL),(15096,'Fiber#007',15088,'dut',NULL),(15097,'Cable#001',15087,'node',NULL),(15098,'Fiber#000',15097,'dut',NULL),(15099,'Fiber#001',15097,'dut',NULL),(15100,'Fiber#002',15097,'dut',NULL),(15101,'Fiber#003',15097,'dut',NULL),(15102,'Fiber#004',15097,'dut',NULL),(15103,'Fiber#005',15097,'dut',NULL),(15104,'Fiber#006',15097,'dut',NULL),(15105,'Fiber#007',15097,'dut',NULL),(15106,'FTTA Construction#00',NULL,'project',NULL),(15107,'Fronthaul',NULL,'dut',NULL),(15108,'Anntena',15106,'node',NULL),(15109,'Upstream',15108,'dut',NULL),(15110,'Downstream',15108,'dut',NULL),(15111,'FTTA Construction#01',NULL,'project',NULL),(15112,'Fronthaul',NULL,'dut',NULL),(15113,'Anntena',15111,'node',NULL),(15114,'Upstream',15113,'dut',NULL),(15115,'Downstream',15113,'dut',NULL),(15116,'Fiber Construction#00',NULL,'project',NULL),(15117,'Cable#000',15116,'node',NULL),(15118,'Fiber#000',15117,'dut',NULL),(15119,'Fiber#001',15117,'dut',NULL),(15120,'Fiber#002',15117,'dut',NULL),(15121,'Fiber#003',15117,'dut',NULL),(15122,'Fiber#004',15117,'dut',NULL),(15123,'Fiber#005',15117,'dut',NULL),(15124,'Fiber#006',15117,'dut',NULL),(15125,'Fiber#007',15117,'dut',NULL),(15126,'Cable#001',15116,'node',NULL),(15127,'Fiber#000',15126,'dut',NULL),(15128,'Fiber#001',15126,'dut',NULL),(15129,'Fiber#002',15126,'dut',NULL),(15130,'Fiber#003',15126,'dut',NULL),(15131,'Fiber#004',15126,'dut',NULL),(15132,'Fiber#005',15126,'dut',NULL),(15133,'Fiber#006',15126,'dut',NULL),(15134,'Fiber#007',15126,'dut',NULL),(15135,'Fiber Construction#01',NULL,'project',NULL),(15136,'Cable#000',15135,'node',NULL),(15137,'Fiber#000',15136,'dut',NULL),(15138,'Fiber#001',15136,'dut',NULL),(15139,'Fiber#002',15136,'dut',NULL),(15140,'Fiber#003',15136,'dut',NULL),(15141,'Fiber#004',15136,'dut',NULL),(15142,'Fiber#005',15136,'dut',NULL),(15143,'Fiber#006',15136,'dut',NULL),(15144,'Fiber#007',15136,'dut',NULL),(15145,'Cable#001',15135,'node',NULL),(15146,'Fiber#000',15145,'dut',NULL),(15147,'Fiber#001',15145,'dut',NULL),(15148,'Fiber#002',15145,'dut',NULL),(15149,'Fiber#003',15145,'dut',NULL),(15150,'Fiber#004',15145,'dut',NULL),(15151,'Fiber#005',15145,'dut',NULL),(15152,'Fiber#006',15145,'dut',NULL),(15153,'Fiber#007',15145,'dut',NULL),(15154,'Fiber Construction#02',NULL,'project',NULL),(15155,'Cable#000',15154,'node',NULL),(15156,'Fiber#000',15155,'dut',NULL),(15157,'Fiber#001',15155,'dut',NULL),(15158,'Fiber#002',15155,'dut',NULL),(15159,'Fiber#003',15155,'dut',NULL),(15160,'Fiber#004',15155,'dut',NULL),(15161,'Fiber#005',15155,'dut',NULL),(15162,'Fiber#006',15155,'dut',NULL),(15163,'Fiber#007',15155,'dut',NULL),(15164,'Cable#001',15154,'node',NULL),(15165,'Fiber#000',15164,'dut',NULL),(15166,'Fiber#001',15164,'dut',NULL),(15167,'Fiber#002',15164,'dut',NULL),(15168,'Fiber#003',15164,'dut',NULL),(15169,'Fiber#004',15164,'dut',NULL),(15170,'Fiber#005',15164,'dut',NULL),(15171,'Fiber#006',15164,'dut',NULL),(15172,'Fiber#007',15164,'dut',NULL),(15173,'Fiber Construction#00',NULL,'project',NULL),(15174,'Cable#000',15173,'node',NULL),(15175,'Fiber#000',15174,'dut',NULL),(15176,'Fiber#001',15174,'dut',NULL),(15177,'Fiber#002',15174,'dut',NULL),(15178,'Fiber#003',15174,'dut',NULL),(15179,'Fiber#004',15174,'dut',NULL),(15180,'Fiber#005',15174,'dut',NULL),(15181,'Fiber#006',15174,'dut',NULL),(15182,'Fiber#007',15174,'dut',NULL),(15183,'Cable#001',15173,'node',NULL),(15184,'Fiber#000',15183,'dut',NULL),(15185,'Fiber#001',15183,'dut',NULL),(15186,'Fiber#002',15183,'dut',NULL),(15187,'Fiber#003',15183,'dut',NULL),(15188,'Fiber#004',15183,'dut',NULL),(15189,'Fiber#005',15183,'dut',NULL),(15190,'Fiber#006',15183,'dut',NULL),(15191,'Fiber#007',15183,'dut',NULL),(15192,'Fiber Construction#01',NULL,'project',NULL),(15193,'Cable#000',15192,'node',NULL),(15194,'Fiber#000',15193,'dut',NULL),(15195,'Fiber#001',15193,'dut',NULL),(15196,'Fiber#002',15193,'dut',NULL),(15197,'Fiber#003',15193,'dut',NULL),(15198,'Fiber#004',15193,'dut',NULL),(15199,'Fiber#005',15193,'dut',NULL),(15200,'Fiber#006',15193,'dut',NULL),(15201,'Fiber#007',15193,'dut',NULL),(15202,'Cable#001',15192,'node',NULL),(15203,'Fiber#000',15202,'dut',NULL),(15204,'Fiber#001',15202,'dut',NULL),(15205,'Fiber#002',15202,'dut',NULL),(15206,'Fiber#003',15202,'dut',NULL),(15207,'Fiber#004',15202,'dut',NULL),(15208,'Fiber#005',15202,'dut',NULL),(15209,'Fiber#006',15202,'dut',NULL),(15210,'Fiber#007',15202,'dut',NULL),(15211,'FTTA Construction#00',NULL,'project',NULL),(15212,'Fronthaul',NULL,'dut',NULL),(15213,'Anntena',15211,'node',NULL),(15214,'Upstream',15213,'dut',NULL),(15215,'Downstream',15213,'dut',NULL),(15216,'FTTA Construction#01',NULL,'project',NULL),(15217,'Fronthaul',NULL,'dut',NULL),(15218,'Anntena',15216,'node',NULL),(15219,'Upstream',15218,'dut',NULL),(15220,'Downstream',15218,'dut',NULL),(15221,'Fiber Construction#00',NULL,'project',NULL),(15222,'Cable#000',15221,'node',NULL),(15223,'Fiber#000',15222,'dut',NULL),(15224,'Fiber#001',15222,'dut',NULL),(15225,'Fiber#002',15222,'dut',NULL),(15226,'Fiber#003',15222,'dut',NULL),(15227,'Fiber#004',15222,'dut',NULL),(15228,'Fiber#005',15222,'dut',NULL),(15229,'Fiber#006',15222,'dut',NULL),(15230,'Fiber#007',15222,'dut',NULL),(15231,'Cable#001',15221,'node',NULL),(15232,'Fiber#000',15231,'dut',NULL),(15233,'Fiber#001',15231,'dut',NULL),(15234,'Fiber#002',15231,'dut',NULL),(15235,'Fiber#003',15231,'dut',NULL),(15236,'Fiber#004',15231,'dut',NULL),(15237,'Fiber#005',15231,'dut',NULL),(15238,'Fiber#006',15231,'dut',NULL),(15239,'Fiber#007',15231,'dut',NULL),(15240,'Fiber Construction#01',NULL,'project',NULL),(15241,'Cable#000',15240,'node',NULL),(15242,'Fiber#000',15241,'dut',NULL),(15243,'Fiber#001',15241,'dut',NULL),(15244,'Fiber#002',15241,'dut',NULL),(15245,'Fiber#003',15241,'dut',NULL),(15246,'Fiber#004',15241,'dut',NULL),(15247,'Fiber#005',15241,'dut',NULL),(15248,'Fiber#006',15241,'dut',NULL),(15249,'Fiber#007',15241,'dut',NULL),(15250,'Cable#001',15240,'node',NULL),(15251,'Fiber#000',15250,'dut',NULL),(15252,'Fiber#001',15250,'dut',NULL),(15253,'Fiber#002',15250,'dut',NULL),(15254,'Fiber#003',15250,'dut',NULL),(15255,'Fiber#004',15250,'dut',NULL),(15256,'Fiber#005',15250,'dut',NULL),(15257,'Fiber#006',15250,'dut',NULL),(15258,'Fiber#007',15250,'dut',NULL),(15259,'Fiber Construction#02',NULL,'project',NULL),(15260,'Cable#000',15259,'node',NULL),(15261,'Fiber#000',15260,'dut',NULL),(15262,'Fiber#001',15260,'dut',NULL),(15263,'Fiber#002',15260,'dut',NULL),(15264,'Fiber#003',15260,'dut',NULL),(15265,'Fiber#004',15260,'dut',NULL),(15266,'Fiber#005',15260,'dut',NULL),(15267,'Fiber#006',15260,'dut',NULL),(15268,'Fiber#007',15260,'dut',NULL),(15269,'Cable#001',15259,'node',NULL),(15270,'Fiber#000',15269,'dut',NULL),(15271,'Fiber#001',15269,'dut',NULL),(15272,'Fiber#002',15269,'dut',NULL),(15273,'Fiber#003',15269,'dut',NULL),(15274,'Fiber#004',15269,'dut',NULL),(15275,'Fiber#005',15269,'dut',NULL),(15276,'Fiber#006',15269,'dut',NULL),(15277,'Fiber#007',15269,'dut',NULL),(15278,'Fiber Construction#00',NULL,'project',NULL),(15279,'Cable#000',15278,'node',NULL),(15280,'Fiber#000',15279,'dut',NULL),(15281,'Fiber#001',15279,'dut',NULL),(15282,'Fiber#002',15279,'dut',NULL),(15283,'Fiber#003',15279,'dut',NULL),(15284,'Fiber#004',15279,'dut',NULL),(15285,'Fiber#005',15279,'dut',NULL),(15286,'Fiber#006',15279,'dut',NULL),(15287,'Fiber#007',15279,'dut',NULL),(15288,'Fiber#008',15279,'dut',NULL),(15289,'Fiber#009',15279,'dut',NULL),(15290,'Fiber#010',15279,'dut',NULL),(15291,'Fiber#011',15279,'dut',NULL),(15292,'Fiber#012',15279,'dut',NULL),(15293,'Fiber#013',15279,'dut',NULL),(15294,'Fiber#014',15279,'dut',NULL),(15295,'Fiber#015',15279,'dut',NULL),(15296,'Fiber#016',15279,'dut',NULL),(15297,'Fiber#017',15279,'dut',NULL),(15298,'Fiber#018',15279,'dut',NULL),(15299,'Fiber#019',15279,'dut',NULL),(15300,'Fiber#020',15279,'dut',NULL),(15301,'Fiber#021',15279,'dut',NULL),(15302,'Fiber#022',15279,'dut',NULL),(15303,'Fiber#023',15279,'dut',NULL),(15304,'Fiber#024',15279,'dut',NULL),(15305,'Fiber#025',15279,'dut',NULL),(15306,'Fiber#026',15279,'dut',NULL),(15307,'Fiber#027',15279,'dut',NULL),(15308,'Fiber#028',15279,'dut',NULL),(15309,'Fiber#029',15279,'dut',NULL),(15310,'Fiber#030',15279,'dut',NULL),(15311,'Fiber#031',15279,'dut',NULL),(15312,'Fiber#032',15279,'dut',NULL),(15313,'Fiber#033',15279,'dut',NULL),(15314,'Fiber#034',15279,'dut',NULL),(15315,'Fiber#035',15279,'dut',NULL),(15316,'Fiber#036',15279,'dut',NULL),(15317,'Fiber#037',15279,'dut',NULL),(15318,'Fiber#038',15279,'dut',NULL),(15319,'Fiber#039',15279,'dut',NULL),(15320,'Fiber#040',15279,'dut',NULL),(15321,'Fiber#041',15279,'dut',NULL),(15322,'Fiber#042',15279,'dut',NULL),(15323,'Fiber#043',15279,'dut',NULL),(15324,'Fiber#044',15279,'dut',NULL),(15325,'Fiber#045',15279,'dut',NULL),(15326,'Fiber#046',15279,'dut',NULL),(15327,'Fiber#047',15279,'dut',NULL),(15328,'Fiber#048',15279,'dut',NULL),(15329,'Fiber#049',15279,'dut',NULL),(15330,'Fiber#050',15279,'dut',NULL),(15331,'Fiber#051',15279,'dut',NULL),(15332,'Fiber#052',15279,'dut',NULL),(15333,'Fiber#053',15279,'dut',NULL),(15334,'Fiber#054',15279,'dut',NULL),(15335,'Fiber#055',15279,'dut',NULL),(15336,'Fiber#056',15279,'dut',NULL),(15337,'Fiber#057',15279,'dut',NULL),(15338,'Fiber#058',15279,'dut',NULL),(15339,'Fiber#059',15279,'dut',NULL),(15340,'Fiber#060',15279,'dut',NULL),(15341,'Fiber#061',15279,'dut',NULL),(15342,'Fiber#062',15279,'dut',NULL),(15343,'Fiber#063',15279,'dut',NULL),(15344,'Fiber#064',15279,'dut',NULL),(15345,'Fiber#065',15279,'dut',NULL),(15346,'Fiber#066',15279,'dut',NULL),(15347,'Fiber#067',15279,'dut',NULL),(15348,'Fiber#068',15279,'dut',NULL),(15349,'Fiber#069',15279,'dut',NULL),(15350,'Fiber#070',15279,'dut',NULL),(15351,'Fiber#071',15279,'dut',NULL),(15352,'Fiber#072',15279,'dut',NULL),(15353,'Fiber#073',15279,'dut',NULL),(15354,'Fiber#074',15279,'dut',NULL),(15355,'Fiber#075',15279,'dut',NULL),(15356,'Fiber#076',15279,'dut',NULL),(15357,'Fiber#077',15279,'dut',NULL),(15358,'Fiber#078',15279,'dut',NULL),(15359,'Fiber#079',15279,'dut',NULL),(15360,'Fiber#080',15279,'dut',NULL),(15361,'Fiber#081',15279,'dut',NULL),(15362,'Fiber#082',15279,'dut',NULL),(15363,'Fiber#083',15279,'dut',NULL),(15364,'Fiber#084',15279,'dut',NULL),(15365,'Fiber#085',15279,'dut',NULL),(15366,'Fiber#086',15279,'dut',NULL),(15367,'Fiber#087',15279,'dut',NULL),(15368,'Fiber#088',15279,'dut',NULL),(15369,'Fiber#089',15279,'dut',NULL),(15370,'Fiber#090',15279,'dut',NULL),(15371,'Fiber#091',15279,'dut',NULL),(15372,'Fiber#092',15279,'dut',NULL),(15373,'Fiber#093',15279,'dut',NULL),(15374,'Fiber#094',15279,'dut',NULL),(15375,'Fiber#095',15279,'dut',NULL),(15376,'Fiber#096',15279,'dut',NULL),(15377,'Fiber#097',15279,'dut',NULL),(15378,'Fiber#098',15279,'dut',NULL),(15379,'Fiber#099',15279,'dut',NULL),(15380,'Cable#001',15278,'node',NULL),(15381,'Fiber#000',15380,'dut',NULL),(15382,'Fiber#001',15380,'dut',NULL),(15383,'Fiber#002',15380,'dut',NULL),(15384,'Fiber#003',15380,'dut',NULL),(15385,'Fiber#004',15380,'dut',NULL),(15386,'Fiber#005',15380,'dut',NULL),(15387,'Fiber#006',15380,'dut',NULL),(15388,'Fiber#007',15380,'dut',NULL),(15389,'Fiber#008',15380,'dut',NULL),(15390,'Fiber#009',15380,'dut',NULL),(15391,'Fiber#010',15380,'dut',NULL),(15392,'Fiber#011',15380,'dut',NULL),(15393,'Fiber#012',15380,'dut',NULL),(15394,'Fiber#013',15380,'dut',NULL),(15395,'Fiber#014',15380,'dut',NULL),(15396,'Fiber#015',15380,'dut',NULL),(15397,'Fiber#016',15380,'dut',NULL),(15398,'Fiber#017',15380,'dut',NULL),(15399,'Fiber#018',15380,'dut',NULL),(15400,'Fiber#019',15380,'dut',NULL),(15401,'Fiber#020',15380,'dut',NULL),(15402,'Fiber#021',15380,'dut',NULL),(15403,'Fiber#022',15380,'dut',NULL),(15404,'Fiber#023',15380,'dut',NULL),(15405,'Fiber#024',15380,'dut',NULL),(15406,'Fiber#025',15380,'dut',NULL),(15407,'Fiber#026',15380,'dut',NULL),(15408,'Fiber#027',15380,'dut',NULL),(15409,'Fiber#028',15380,'dut',NULL),(15410,'Fiber#029',15380,'dut',NULL),(15411,'Fiber#030',15380,'dut',NULL),(15412,'Fiber#031',15380,'dut',NULL),(15413,'Fiber#032',15380,'dut',NULL),(15414,'Fiber#033',15380,'dut',NULL),(15415,'Fiber#034',15380,'dut',NULL),(15416,'Fiber#035',15380,'dut',NULL),(15417,'Fiber#036',15380,'dut',NULL),(15418,'Fiber#037',15380,'dut',NULL),(15419,'Fiber#038',15380,'dut',NULL),(15420,'Fiber#039',15380,'dut',NULL),(15421,'Fiber#040',15380,'dut',NULL),(15422,'Fiber#041',15380,'dut',NULL),(15423,'Fiber#042',15380,'dut',NULL),(15424,'Fiber#043',15380,'dut',NULL),(15425,'Fiber#044',15380,'dut',NULL),(15426,'Fiber#045',15380,'dut',NULL),(15427,'Fiber#046',15380,'dut',NULL),(15428,'Fiber#047',15380,'dut',NULL),(15429,'Fiber#048',15380,'dut',NULL),(15430,'Fiber#049',15380,'dut',NULL),(15431,'Fiber#050',15380,'dut',NULL),(15432,'Fiber#051',15380,'dut',NULL),(15433,'Fiber#052',15380,'dut',NULL),(15434,'Fiber#053',15380,'dut',NULL),(15435,'Fiber#054',15380,'dut',NULL),(15436,'Fiber#055',15380,'dut',NULL),(15437,'Fiber#056',15380,'dut',NULL),(15438,'Fiber#057',15380,'dut',NULL),(15439,'Fiber#058',15380,'dut',NULL),(15440,'Fiber#059',15380,'dut',NULL),(15441,'Fiber#060',15380,'dut',NULL),(15442,'Fiber#061',15380,'dut',NULL),(15443,'Fiber#062',15380,'dut',NULL),(15444,'Fiber#063',15380,'dut',NULL),(15445,'Fiber#064',15380,'dut',NULL),(15446,'Fiber#065',15380,'dut',NULL),(15447,'Fiber#066',15380,'dut',NULL),(15448,'Fiber#067',15380,'dut',NULL),(15449,'Fiber#068',15380,'dut',NULL),(15450,'Fiber#069',15380,'dut',NULL),(15451,'Fiber#070',15380,'dut',NULL),(15452,'Fiber#071',15380,'dut',NULL),(15453,'Fiber#072',15380,'dut',NULL),(15454,'Fiber#073',15380,'dut',NULL),(15455,'Fiber#074',15380,'dut',NULL),(15456,'Fiber#075',15380,'dut',NULL),(15457,'Fiber#076',15380,'dut',NULL),(15458,'Fiber#077',15380,'dut',NULL),(15459,'Fiber#078',15380,'dut',NULL),(15460,'Fiber#079',15380,'dut',NULL),(15461,'Fiber#080',15380,'dut',NULL),(15462,'Fiber#081',15380,'dut',NULL),(15463,'Fiber#082',15380,'dut',NULL),(15464,'Fiber#083',15380,'dut',NULL),(15465,'Fiber#084',15380,'dut',NULL),(15466,'Fiber#085',15380,'dut',NULL),(15467,'Fiber#086',15380,'dut',NULL),(15468,'Fiber#087',15380,'dut',NULL),(15469,'Fiber#088',15380,'dut',NULL),(15470,'Fiber#089',15380,'dut',NULL),(15471,'Fiber#090',15380,'dut',NULL),(15472,'Fiber#091',15380,'dut',NULL),(15473,'Fiber#092',15380,'dut',NULL),(15474,'Fiber#093',15380,'dut',NULL),(15475,'Fiber#094',15380,'dut',NULL),(15476,'Fiber#095',15380,'dut',NULL),(15477,'Fiber#096',15380,'dut',NULL),(15478,'Fiber#097',15380,'dut',NULL),(15479,'Fiber#098',15380,'dut',NULL),(15480,'Fiber#099',15380,'dut',NULL),(15481,'Fiber Construction#01',NULL,'project',NULL),(15482,'Cable#000',15481,'node',NULL),(15483,'Fiber#000',15482,'dut',NULL),(15484,'Fiber#001',15482,'dut',NULL),(15485,'Fiber#002',15482,'dut',NULL),(15486,'Fiber#003',15482,'dut',NULL),(15487,'Fiber#004',15482,'dut',NULL),(15488,'Fiber#005',15482,'dut',NULL),(15489,'Fiber#006',15482,'dut',NULL),(15490,'Fiber#007',15482,'dut',NULL),(15491,'Fiber#008',15482,'dut',NULL),(15492,'Fiber#009',15482,'dut',NULL),(15493,'Fiber#010',15482,'dut',NULL),(15494,'Fiber#011',15482,'dut',NULL),(15495,'Fiber#012',15482,'dut',NULL),(15496,'Fiber#013',15482,'dut',NULL),(15497,'Fiber#014',15482,'dut',NULL),(15498,'Fiber#015',15482,'dut',NULL),(15499,'Fiber#016',15482,'dut',NULL),(15500,'Fiber#017',15482,'dut',NULL),(15501,'Fiber#018',15482,'dut',NULL),(15502,'Fiber#019',15482,'dut',NULL),(15503,'Fiber#020',15482,'dut',NULL),(15504,'Fiber#021',15482,'dut',NULL),(15505,'Fiber#022',15482,'dut',NULL),(15506,'Fiber#023',15482,'dut',NULL),(15507,'Fiber#024',15482,'dut',NULL),(15508,'Fiber#025',15482,'dut',NULL),(15509,'Fiber#026',15482,'dut',NULL),(15510,'Fiber#027',15482,'dut',NULL),(15511,'Fiber#028',15482,'dut',NULL),(15512,'Fiber#029',15482,'dut',NULL),(15513,'Fiber#030',15482,'dut',NULL),(15514,'Fiber#031',15482,'dut',NULL),(15515,'Fiber#032',15482,'dut',NULL),(15516,'Fiber#033',15482,'dut',NULL),(15517,'Fiber#034',15482,'dut',NULL),(15518,'Fiber#035',15482,'dut',NULL),(15519,'Fiber#036',15482,'dut',NULL),(15520,'Fiber#037',15482,'dut',NULL),(15521,'Fiber#038',15482,'dut',NULL),(15522,'Fiber#039',15482,'dut',NULL),(15523,'Fiber#040',15482,'dut',NULL),(15524,'Fiber#041',15482,'dut',NULL),(15525,'Fiber#042',15482,'dut',NULL),(15526,'Fiber#043',15482,'dut',NULL),(15527,'Fiber#044',15482,'dut',NULL),(15528,'Fiber#045',15482,'dut',NULL),(15529,'Fiber#046',15482,'dut',NULL),(15530,'Fiber#047',15482,'dut',NULL),(15531,'Fiber#048',15482,'dut',NULL),(15532,'Fiber#049',15482,'dut',NULL),(15533,'Fiber#050',15482,'dut',NULL),(15534,'Fiber#051',15482,'dut',NULL),(15535,'Fiber#052',15482,'dut',NULL),(15536,'Fiber#053',15482,'dut',NULL),(15537,'Fiber#054',15482,'dut',NULL),(15538,'Fiber#055',15482,'dut',NULL),(15539,'Fiber#056',15482,'dut',NULL),(15540,'Fiber#057',15482,'dut',NULL),(15541,'Fiber#058',15482,'dut',NULL),(15542,'Fiber#059',15482,'dut',NULL),(15543,'Fiber#060',15482,'dut',NULL),(15544,'Fiber#061',15482,'dut',NULL),(15545,'Fiber#062',15482,'dut',NULL),(15546,'Fiber#063',15482,'dut',NULL),(15547,'Fiber#064',15482,'dut',NULL),(15548,'Fiber#065',15482,'dut',NULL),(15549,'Fiber#066',15482,'dut',NULL),(15550,'Fiber#067',15482,'dut',NULL),(15551,'Fiber#068',15482,'dut',NULL),(15552,'Fiber#069',15482,'dut',NULL),(15553,'Fiber#070',15482,'dut',NULL),(15554,'Fiber#071',15482,'dut',NULL),(15555,'Fiber#072',15482,'dut',NULL),(15556,'Fiber#073',15482,'dut',NULL),(15557,'Fiber#074',15482,'dut',NULL),(15558,'Fiber#075',15482,'dut',NULL),(15559,'Fiber#076',15482,'dut',NULL),(15560,'Fiber#077',15482,'dut',NULL),(15561,'Fiber#078',15482,'dut',NULL),(15562,'Fiber#079',15482,'dut',NULL),(15563,'Fiber#080',15482,'dut',NULL),(15564,'Fiber#081',15482,'dut',NULL),(15565,'Fiber#082',15482,'dut',NULL),(15566,'Fiber#083',15482,'dut',NULL),(15567,'Fiber#084',15482,'dut',NULL),(15568,'Fiber#085',15482,'dut',NULL),(15569,'Fiber#086',15482,'dut',NULL),(15570,'Fiber#087',15482,'dut',NULL),(15571,'Fiber#088',15482,'dut',NULL),(15572,'Fiber#089',15482,'dut',NULL),(15573,'Fiber#090',15482,'dut',NULL),(15574,'Fiber#091',15482,'dut',NULL),(15575,'Fiber#092',15482,'dut',NULL),(15576,'Fiber#093',15482,'dut',NULL),(15577,'Fiber#094',15482,'dut',NULL),(15578,'Fiber#095',15482,'dut',NULL),(15579,'Fiber#096',15482,'dut',NULL),(15580,'Fiber#097',15482,'dut',NULL),(15581,'Fiber#098',15482,'dut',NULL),(15582,'Fiber#099',15482,'dut',NULL),(15583,'Cable#001',15481,'node',NULL),(15584,'Fiber#000',15583,'dut',NULL),(15585,'Fiber#001',15583,'dut',NULL),(15586,'Fiber#002',15583,'dut',NULL),(15587,'Fiber#003',15583,'dut',NULL),(15588,'Fiber#004',15583,'dut',NULL),(15589,'Fiber#005',15583,'dut',NULL),(15590,'Fiber#006',15583,'dut',NULL),(15591,'Fiber#007',15583,'dut',NULL),(15592,'Fiber#008',15583,'dut',NULL),(15593,'Fiber#009',15583,'dut',NULL),(15594,'Fiber#010',15583,'dut',NULL),(15595,'Fiber#011',15583,'dut',NULL),(15596,'Fiber#012',15583,'dut',NULL),(15597,'Fiber#013',15583,'dut',NULL),(15598,'Fiber#014',15583,'dut',NULL),(15599,'Fiber#015',15583,'dut',NULL),(15600,'Fiber#016',15583,'dut',NULL),(15601,'Fiber#017',15583,'dut',NULL),(15602,'Fiber#018',15583,'dut',NULL),(15603,'Fiber#019',15583,'dut',NULL),(15604,'Fiber#020',15583,'dut',NULL),(15605,'Fiber#021',15583,'dut',NULL),(15606,'Fiber#022',15583,'dut',NULL),(15607,'Fiber#023',15583,'dut',NULL),(15608,'Fiber#024',15583,'dut',NULL),(15609,'Fiber#025',15583,'dut',NULL),(15610,'Fiber#026',15583,'dut',NULL),(15611,'Fiber#027',15583,'dut',NULL),(15612,'Fiber#028',15583,'dut',NULL),(15613,'Fiber#029',15583,'dut',NULL),(15614,'Fiber#030',15583,'dut',NULL),(15615,'Fiber#031',15583,'dut',NULL),(15616,'Fiber#032',15583,'dut',NULL),(15617,'Fiber#033',15583,'dut',NULL),(15618,'Fiber#034',15583,'dut',NULL),(15619,'Fiber#035',15583,'dut',NULL),(15620,'Fiber#036',15583,'dut',NULL),(15621,'Fiber#037',15583,'dut',NULL),(15622,'Fiber#038',15583,'dut',NULL),(15623,'Fiber#039',15583,'dut',NULL),(15624,'Fiber#040',15583,'dut',NULL),(15625,'Fiber#041',15583,'dut',NULL),(15626,'Fiber#042',15583,'dut',NULL),(15627,'Fiber#043',15583,'dut',NULL),(15628,'Fiber#044',15583,'dut',NULL),(15629,'Fiber#045',15583,'dut',NULL),(15630,'Fiber#046',15583,'dut',NULL),(15631,'Fiber#047',15583,'dut',NULL),(15632,'Fiber#048',15583,'dut',NULL),(15633,'Fiber#049',15583,'dut',NULL),(15634,'Fiber#050',15583,'dut',NULL),(15635,'Fiber#051',15583,'dut',NULL),(15636,'Fiber#052',15583,'dut',NULL),(15637,'Fiber#053',15583,'dut',NULL),(15638,'Fiber#054',15583,'dut',NULL),(15639,'Fiber#055',15583,'dut',NULL),(15640,'Fiber#056',15583,'dut',NULL),(15641,'Fiber#057',15583,'dut',NULL),(15642,'Fiber#058',15583,'dut',NULL),(15643,'Fiber#059',15583,'dut',NULL),(15644,'Fiber#060',15583,'dut',NULL),(15645,'Fiber#061',15583,'dut',NULL),(15646,'Fiber#062',15583,'dut',NULL),(15647,'Fiber#063',15583,'dut',NULL),(15648,'Fiber#064',15583,'dut',NULL),(15649,'Fiber#065',15583,'dut',NULL),(15650,'Fiber#066',15583,'dut',NULL),(15651,'Fiber#067',15583,'dut',NULL),(15652,'Fiber#068',15583,'dut',NULL),(15653,'Fiber#069',15583,'dut',NULL),(15654,'Fiber#070',15583,'dut',NULL),(15655,'Fiber#071',15583,'dut',NULL),(15656,'Fiber#072',15583,'dut',NULL),(15657,'Fiber#073',15583,'dut',NULL),(15658,'Fiber#074',15583,'dut',NULL),(15659,'Fiber#075',15583,'dut',NULL),(15660,'Fiber#076',15583,'dut',NULL),(15661,'Fiber#077',15583,'dut',NULL),(15662,'Fiber#078',15583,'dut',NULL),(15663,'Fiber#079',15583,'dut',NULL),(15664,'Fiber#080',15583,'dut',NULL),(15665,'Fiber#081',15583,'dut',NULL),(15666,'Fiber#082',15583,'dut',NULL),(15667,'Fiber#083',15583,'dut',NULL),(15668,'Fiber#084',15583,'dut',NULL),(15669,'Fiber#085',15583,'dut',NULL),(15670,'Fiber#086',15583,'dut',NULL),(15671,'Fiber#087',15583,'dut',NULL),(15672,'Fiber#088',15583,'dut',NULL),(15673,'Fiber#089',15583,'dut',NULL),(15674,'Fiber#090',15583,'dut',NULL),(15675,'Fiber#091',15583,'dut',NULL),(15676,'Fiber#092',15583,'dut',NULL),(15677,'Fiber#093',15583,'dut',NULL),(15678,'Fiber#094',15583,'dut',NULL),(15679,'Fiber#095',15583,'dut',NULL),(15680,'Fiber#096',15583,'dut',NULL),(15681,'Fiber#097',15583,'dut',NULL),(15682,'Fiber#098',15583,'dut',NULL),(15683,'Fiber#099',15583,'dut',NULL),(15684,'FTTA Construction#00',NULL,'project',NULL),(15685,'Fronthaul',NULL,'dut',NULL),(15686,'Anntena',15684,'node',NULL),(15687,'Upstream',15686,'dut',NULL),(15688,'Downstream',15686,'dut',NULL),(15689,'FTTA Construction#01',NULL,'project',NULL),(15690,'Fronthaul',NULL,'dut',NULL),(15691,'Anntena',15689,'node',NULL),(15692,'Upstream',15691,'dut',NULL),(15693,'Downstream',15691,'dut',NULL),(15694,'Fiber Construction#00',NULL,'project',NULL),(15695,'Cable#000',15694,'node',NULL),(15696,'Fiber#000',15695,'dut',NULL),(15697,'Fiber#001',15695,'dut',NULL),(15698,'Fiber#002',15695,'dut',NULL),(15699,'Fiber#003',15695,'dut',NULL),(15700,'Fiber#004',15695,'dut',NULL),(15701,'Fiber#005',15695,'dut',NULL),(15702,'Fiber#006',15695,'dut',NULL),(15703,'Fiber#007',15695,'dut',NULL),(15704,'Cable#001',15694,'node',NULL),(15705,'Fiber#000',15704,'dut',NULL),(15706,'Fiber#001',15704,'dut',NULL),(15707,'Fiber#002',15704,'dut',NULL),(15708,'Fiber#003',15704,'dut',NULL),(15709,'Fiber#004',15704,'dut',NULL),(15710,'Fiber#005',15704,'dut',NULL),(15711,'Fiber#006',15704,'dut',NULL),(15712,'Fiber#007',15704,'dut',NULL),(15713,'Fiber Construction#01',NULL,'project',NULL),(15714,'Cable#000',15713,'node',NULL),(15715,'Fiber#000',15714,'dut',NULL),(15716,'Fiber#001',15714,'dut',NULL),(15717,'Fiber#002',15714,'dut',NULL),(15718,'Fiber#003',15714,'dut',NULL),(15719,'Fiber#004',15714,'dut',NULL),(15720,'Fiber#005',15714,'dut',NULL),(15721,'Fiber#006',15714,'dut',NULL),(15722,'Fiber#007',15714,'dut',NULL),(15723,'Cable#001',15713,'node',NULL),(15724,'Fiber#000',15723,'dut',NULL),(15725,'Fiber#001',15723,'dut',NULL),(15726,'Fiber#002',15723,'dut',NULL),(15727,'Fiber#003',15723,'dut',NULL),(15728,'Fiber#004',15723,'dut',NULL),(15729,'Fiber#005',15723,'dut',NULL),(15730,'Fiber#006',15723,'dut',NULL),(15731,'Fiber#007',15723,'dut',NULL),(15732,'Fiber Construction#02',NULL,'project',NULL),(15733,'Cable#000',15732,'node',NULL),(15734,'Fiber#000',15733,'dut',NULL),(15735,'Fiber#001',15733,'dut',NULL),(15736,'Fiber#002',15733,'dut',NULL),(15737,'Fiber#003',15733,'dut',NULL),(15738,'Fiber#004',15733,'dut',NULL),(15739,'Fiber#005',15733,'dut',NULL),(15740,'Fiber#006',15733,'dut',NULL),(15741,'Fiber#007',15733,'dut',NULL),(15742,'Cable#001',15732,'node',NULL),(15743,'Fiber#000',15742,'dut',NULL),(15744,'Fiber#001',15742,'dut',NULL),(15745,'Fiber#002',15742,'dut',NULL),(15746,'Fiber#003',15742,'dut',NULL),(15747,'Fiber#004',15742,'dut',NULL),(15748,'Fiber#005',15742,'dut',NULL),(15749,'Fiber#006',15742,'dut',NULL),(15750,'Fiber#007',15742,'dut',NULL),(15751,'Fiber Construction#00',NULL,'project',NULL),(15752,'Cable#000',15751,'node',NULL),(15753,'Fiber#000',15752,'dut',NULL),(15754,'Fiber#001',15752,'dut',NULL),(15755,'Fiber#002',15752,'dut',NULL),(15756,'Fiber#003',15752,'dut',NULL),(15757,'Fiber#004',15752,'dut',NULL),(15758,'Fiber#005',15752,'dut',NULL),(15759,'Fiber#006',15752,'dut',NULL),(15760,'Fiber#007',15752,'dut',NULL),(15761,'Fiber#008',15752,'dut',NULL),(15762,'Fiber#009',15752,'dut',NULL),(15763,'Fiber#010',15752,'dut',NULL),(15764,'Fiber#011',15752,'dut',NULL),(15765,'Fiber#012',15752,'dut',NULL),(15766,'Fiber#013',15752,'dut',NULL),(15767,'Fiber#014',15752,'dut',NULL),(15768,'Fiber#015',15752,'dut',NULL),(15769,'Cable#001',15751,'node',NULL),(15770,'Fiber#000',15769,'dut',NULL),(15771,'Fiber#001',15769,'dut',NULL),(15772,'Fiber#002',15769,'dut',NULL),(15773,'Fiber#003',15769,'dut',NULL),(15774,'Fiber#004',15769,'dut',NULL),(15775,'Fiber#005',15769,'dut',NULL),(15776,'Fiber#006',15769,'dut',NULL),(15777,'Fiber#007',15769,'dut',NULL),(15778,'Fiber#008',15769,'dut',NULL),(15779,'Fiber#009',15769,'dut',NULL),(15780,'Fiber#010',15769,'dut',NULL),(15781,'Fiber#011',15769,'dut',NULL),(15782,'Fiber#012',15769,'dut',NULL),(15783,'Fiber#013',15769,'dut',NULL),(15784,'Fiber#014',15769,'dut',NULL),(15785,'Fiber#015',15769,'dut',NULL),(15786,'Fiber Construction#01',NULL,'project',NULL),(15787,'Cable#000',15786,'node',NULL),(15788,'Fiber#000',15787,'dut',NULL),(15789,'Fiber#001',15787,'dut',NULL),(15790,'Fiber#002',15787,'dut',NULL),(15791,'Fiber#003',15787,'dut',NULL),(15792,'Fiber#004',15787,'dut',NULL),(15793,'Fiber#005',15787,'dut',NULL),(15794,'Fiber#006',15787,'dut',NULL),(15795,'Fiber#007',15787,'dut',NULL),(15796,'Fiber#008',15787,'dut',NULL),(15797,'Fiber#009',15787,'dut',NULL),(15798,'Fiber#010',15787,'dut',NULL),(15799,'Fiber#011',15787,'dut',NULL),(15800,'Fiber#012',15787,'dut',NULL),(15801,'Fiber#013',15787,'dut',NULL),(15802,'Fiber#014',15787,'dut',NULL),(15803,'Fiber#015',15787,'dut',NULL),(15804,'Cable#001',15786,'node',NULL),(15805,'Fiber#000',15804,'dut',NULL),(15806,'Fiber#001',15804,'dut',NULL),(15807,'Fiber#002',15804,'dut',NULL),(15808,'Fiber#003',15804,'dut',NULL),(15809,'Fiber#004',15804,'dut',NULL),(15810,'Fiber#005',15804,'dut',NULL),(15811,'Fiber#006',15804,'dut',NULL),(15812,'Fiber#007',15804,'dut',NULL),(15813,'Fiber#008',15804,'dut',NULL),(15814,'Fiber#009',15804,'dut',NULL),(15815,'Fiber#010',15804,'dut',NULL),(15816,'Fiber#011',15804,'dut',NULL),(15817,'Fiber#012',15804,'dut',NULL),(15818,'Fiber#013',15804,'dut',NULL),(15819,'Fiber#014',15804,'dut',NULL),(15820,'Fiber#015',15804,'dut',NULL),(15821,'FTTA Construction#00',NULL,'project',NULL),(15822,'Fronthaul',NULL,'dut',NULL),(15823,'Anntena',15821,'node',NULL),(15824,'Upstream',15823,'dut',NULL),(15825,'Downstream',15823,'dut',NULL),(15826,'FTTA Construction#01',NULL,'project',NULL),(15827,'Fronthaul',NULL,'dut',NULL),(15828,'Anntena',15826,'node',NULL),(15829,'Upstream',15828,'dut',NULL),(15830,'Downstream',15828,'dut',NULL),(15831,'Fiber Construction#00',NULL,'project',NULL),(15832,'Cable#000',15831,'node',NULL),(15833,'Fiber#000',15832,'dut',NULL),(15834,'Fiber#001',15832,'dut',NULL),(15835,'Fiber#002',15832,'dut',NULL),(15836,'Fiber#003',15832,'dut',NULL),(15837,'Fiber#004',15832,'dut',NULL),(15838,'Fiber#005',15832,'dut',NULL),(15839,'Fiber#006',15832,'dut',NULL),(15840,'Fiber#007',15832,'dut',NULL),(15841,'Cable#001',15831,'node',NULL),(15842,'Fiber#000',15841,'dut',NULL),(15843,'Fiber#001',15841,'dut',NULL),(15844,'Fiber#002',15841,'dut',NULL),(15845,'Fiber#003',15841,'dut',NULL),(15846,'Fiber#004',15841,'dut',NULL),(15847,'Fiber#005',15841,'dut',NULL),(15848,'Fiber#006',15841,'dut',NULL),(15849,'Fiber#007',15841,'dut',NULL),(15850,'Fiber Construction#01',NULL,'project',NULL),(15851,'Cable#000',15850,'node',NULL),(15852,'Fiber#000',15851,'dut',NULL),(15853,'Fiber#001',15851,'dut',NULL),(15854,'Fiber#002',15851,'dut',NULL),(15855,'Fiber#003',15851,'dut',NULL),(15856,'Fiber#004',15851,'dut',NULL),(15857,'Fiber#005',15851,'dut',NULL),(15858,'Fiber#006',15851,'dut',NULL),(15859,'Fiber#007',15851,'dut',NULL),(15860,'Cable#001',15850,'node',NULL),(15861,'Fiber#000',15860,'dut',NULL),(15862,'Fiber#001',15860,'dut',NULL),(15863,'Fiber#002',15860,'dut',NULL),(15864,'Fiber#003',15860,'dut',NULL),(15865,'Fiber#004',15860,'dut',NULL),(15866,'Fiber#005',15860,'dut',NULL),(15867,'Fiber#006',15860,'dut',NULL),(15868,'Fiber#007',15860,'dut',NULL),(15869,'Fiber Construction#02',NULL,'project',NULL),(15870,'Cable#000',15869,'node',NULL),(15871,'Fiber#000',15870,'dut',NULL),(15872,'Fiber#001',15870,'dut',NULL),(15873,'Fiber#002',15870,'dut',NULL),(15874,'Fiber#003',15870,'dut',NULL),(15875,'Fiber#004',15870,'dut',NULL),(15876,'Fiber#005',15870,'dut',NULL),(15877,'Fiber#006',15870,'dut',NULL),(15878,'Fiber#007',15870,'dut',NULL),(15879,'Cable#001',15869,'node',NULL),(15880,'Fiber#000',15879,'dut',NULL),(15881,'Fiber#001',15879,'dut',NULL),(15882,'Fiber#002',15879,'dut',NULL),(15883,'Fiber#003',15879,'dut',NULL),(15884,'Fiber#004',15879,'dut',NULL),(15885,'Fiber#005',15879,'dut',NULL),(15886,'Fiber#006',15879,'dut',NULL),(15887,'Fiber#007',15879,'dut',NULL),(15888,'Fiber Construction#00',NULL,'project',NULL),(15889,'Cable#000',15888,'node',NULL),(15890,'Fiber#000',15889,'dut',NULL),(15891,'Fiber#001',15889,'dut',NULL),(15892,'Fiber#002',15889,'dut',NULL),(15893,'Fiber#003',15889,'dut',NULL),(15894,'Fiber#004',15889,'dut',NULL),(15895,'Fiber#005',15889,'dut',NULL),(15896,'Fiber#006',15889,'dut',NULL),(15897,'Fiber#007',15889,'dut',NULL),(15898,'Fiber#008',15889,'dut',NULL),(15899,'Fiber#009',15889,'dut',NULL),(15900,'Fiber#010',15889,'dut',NULL),(15901,'Fiber#011',15889,'dut',NULL),(15902,'Fiber#012',15889,'dut',NULL),(15903,'Fiber#013',15889,'dut',NULL),(15904,'Fiber#014',15889,'dut',NULL),(15905,'Fiber#015',15889,'dut',NULL),(15906,'Cable#001',15888,'node',NULL),(15907,'Fiber#000',15906,'dut',NULL),(15908,'Fiber#001',15906,'dut',NULL),(15909,'Fiber#002',15906,'dut',NULL),(15910,'Fiber#003',15906,'dut',NULL),(15911,'Fiber#004',15906,'dut',NULL),(15912,'Fiber#005',15906,'dut',NULL),(15913,'Fiber#006',15906,'dut',NULL),(15914,'Fiber#007',15906,'dut',NULL),(15915,'Fiber#008',15906,'dut',NULL),(15916,'Fiber#009',15906,'dut',NULL),(15917,'Fiber#010',15906,'dut',NULL),(15918,'Fiber#011',15906,'dut',NULL),(15919,'Fiber#012',15906,'dut',NULL),(15920,'Fiber#013',15906,'dut',NULL),(15921,'Fiber#014',15906,'dut',NULL),(15922,'Fiber#015',15906,'dut',NULL),(15923,'Fiber Construction#01',NULL,'project',NULL),(15924,'Cable#000',15923,'node',NULL),(15925,'Fiber#000',15924,'dut',NULL),(15926,'Fiber#001',15924,'dut',NULL),(15927,'Fiber#002',15924,'dut',NULL),(15928,'Fiber#003',15924,'dut',NULL),(15929,'Fiber#004',15924,'dut',NULL),(15930,'Fiber#005',15924,'dut',NULL),(15931,'Fiber#006',15924,'dut',NULL),(15932,'Fiber#007',15924,'dut',NULL),(15933,'Fiber#008',15924,'dut',NULL),(15934,'Fiber#009',15924,'dut',NULL),(15935,'Fiber#010',15924,'dut',NULL),(15936,'Fiber#011',15924,'dut',NULL),(15937,'Fiber#012',15924,'dut',NULL),(15938,'Fiber#013',15924,'dut',NULL),(15939,'Fiber#014',15924,'dut',NULL),(15940,'Fiber#015',15924,'dut',NULL),(15941,'Cable#001',15923,'node',NULL),(15942,'Fiber#000',15941,'dut',NULL),(15943,'Fiber#001',15941,'dut',NULL),(15944,'Fiber#002',15941,'dut',NULL),(15945,'Fiber#003',15941,'dut',NULL),(15946,'Fiber#004',15941,'dut',NULL),(15947,'Fiber#005',15941,'dut',NULL),(15948,'Fiber#006',15941,'dut',NULL),(15949,'Fiber#007',15941,'dut',NULL),(15950,'Fiber#008',15941,'dut',NULL),(15951,'Fiber#009',15941,'dut',NULL),(15952,'Fiber#010',15941,'dut',NULL),(15953,'Fiber#011',15941,'dut',NULL),(15954,'Fiber#012',15941,'dut',NULL),(15955,'Fiber#013',15941,'dut',NULL),(15956,'Fiber#014',15941,'dut',NULL),(15957,'Fiber#015',15941,'dut',NULL),(15958,'FTTA Construction#00',NULL,'project',NULL),(15959,'Fronthaul',NULL,'dut',NULL),(15960,'Anntena',15958,'node',NULL),(15961,'Upstream',15960,'dut',NULL),(15962,'Downstream',15960,'dut',NULL),(15963,'FTTA Construction#01',NULL,'project',NULL),(15964,'Fronthaul',NULL,'dut',NULL),(15965,'Anntena',15963,'node',NULL),(15966,'Upstream',15965,'dut',NULL),(15967,'Downstream',15965,'dut',NULL),(15968,'Fiber Construction#00',NULL,'project',NULL),(15969,'Cable#000',15968,'node',NULL),(15970,'Fiber#000',15969,'dut',NULL),(15971,'Fiber#001',15969,'dut',NULL),(15972,'Fiber#002',15969,'dut',NULL),(15973,'Fiber#003',15969,'dut',NULL),(15974,'Fiber#004',15969,'dut',NULL),(15975,'Fiber#005',15969,'dut',NULL),(15976,'Fiber#006',15969,'dut',NULL),(15977,'Fiber#007',15969,'dut',NULL),(15978,'Cable#001',15968,'node',NULL),(15979,'Fiber#000',15978,'dut',NULL),(15980,'Fiber#001',15978,'dut',NULL),(15981,'Fiber#002',15978,'dut',NULL),(15982,'Fiber#003',15978,'dut',NULL),(15983,'Fiber#004',15978,'dut',NULL),(15984,'Fiber#005',15978,'dut',NULL),(15985,'Fiber#006',15978,'dut',NULL),(15986,'Fiber#007',15978,'dut',NULL),(15987,'Fiber Construction#01',NULL,'project',NULL),(15988,'Cable#000',15987,'node',NULL),(15989,'Fiber#000',15988,'dut',NULL),(15990,'Fiber#001',15988,'dut',NULL),(15991,'Fiber#002',15988,'dut',NULL),(15992,'Fiber#003',15988,'dut',NULL),(15993,'Fiber#004',15988,'dut',NULL),(15994,'Fiber#005',15988,'dut',NULL),(15995,'Fiber#006',15988,'dut',NULL),(15996,'Fiber#007',15988,'dut',NULL),(15997,'Cable#001',15987,'node',NULL),(15998,'Fiber#000',15997,'dut',NULL),(15999,'Fiber#001',15997,'dut',NULL),(16000,'Fiber#002',15997,'dut',NULL),(16001,'Fiber#003',15997,'dut',NULL),(16002,'Fiber#004',15997,'dut',NULL),(16003,'Fiber#005',15997,'dut',NULL),(16004,'Fiber#006',15997,'dut',NULL),(16005,'Fiber#007',15997,'dut',NULL),(16006,'Fiber Construction#02',NULL,'project',NULL),(16007,'Cable#000',16006,'node',NULL),(16008,'Fiber#000',16007,'dut',NULL),(16009,'Fiber#001',16007,'dut',NULL),(16010,'Fiber#002',16007,'dut',NULL),(16011,'Fiber#003',16007,'dut',NULL),(16012,'Fiber#004',16007,'dut',NULL),(16013,'Fiber#005',16007,'dut',NULL),(16014,'Fiber#006',16007,'dut',NULL),(16015,'Fiber#007',16007,'dut',NULL),(16016,'Cable#001',16006,'node',NULL),(16017,'Fiber#000',16016,'dut',NULL),(16018,'Fiber#001',16016,'dut',NULL),(16019,'Fiber#002',16016,'dut',NULL),(16020,'Fiber#003',16016,'dut',NULL),(16021,'Fiber#004',16016,'dut',NULL),(16022,'Fiber#005',16016,'dut',NULL),(16023,'Fiber#006',16016,'dut',NULL),(16024,'Fiber#007',16016,'dut',NULL),(16095,'FTTA Construction#00',NULL,'project',NULL),(16096,'Fronthaul',NULL,'dut',NULL),(16097,'Anntena@Tsumada/Atsugi',16095,'node',NULL),(16098,'Fiber#2',16097,'dut',22),(16099,'Fiber#1',16097,'dut',22),(16100,'FTTA Construction#01',NULL,'project',NULL),(16101,'Fronthaul',NULL,'dut',NULL),(16102,'Anntena',16100,'node',NULL),(16103,'Upstream',16102,'dut',NULL),(16104,'Downstream',16102,'dut',NULL),(16105,'Fiber Construction#00',NULL,'project',NULL),(16106,'Cable#000',16105,'node',NULL),(16107,'Fiber#000',16106,'dut',NULL),(16108,'Fiber#001',16106,'dut',NULL),(16109,'Fiber#002',16106,'dut',NULL),(16110,'Fiber#003',16106,'dut',NULL),(16111,'Fiber#004',16106,'dut',NULL),(16112,'Fiber#005',16106,'dut',NULL),(16113,'Fiber#006',16106,'dut',NULL),(16114,'Fiber#007',16106,'dut',NULL),(16115,'Cable#001',16105,'node',NULL),(16116,'Fiber#000',16115,'dut',NULL),(16117,'Fiber#001',16115,'dut',NULL),(16118,'Fiber#002',16115,'dut',NULL),(16119,'Fiber#003',16115,'dut',NULL),(16120,'Fiber#004',16115,'dut',NULL),(16121,'Fiber#005',16115,'dut',NULL),(16122,'Fiber#006',16115,'dut',NULL),(16123,'Fiber#007',16115,'dut',NULL),(16124,'Fiber Construction#01',NULL,'project',NULL),(16125,'Cable#000',16124,'node',NULL),(16126,'Fiber#000',16125,'dut',NULL),(16127,'Fiber#001',16125,'dut',NULL),(16128,'Fiber#002',16125,'dut',NULL),(16129,'Fiber#003',16125,'dut',NULL),(16130,'Fiber#004',16125,'dut',NULL),(16131,'Fiber#005',16125,'dut',NULL),(16132,'Fiber#006',16125,'dut',NULL),(16133,'Fiber#007',16125,'dut',NULL),(16134,'Cable#001',16124,'node',NULL),(16135,'Fiber#000',16134,'dut',NULL),(16136,'Fiber#001',16134,'dut',NULL),(16137,'Fiber#002',16134,'dut',NULL),(16138,'Fiber#003',16134,'dut',NULL),(16139,'Fiber#004',16134,'dut',NULL),(16140,'Fiber#005',16134,'dut',NULL),(16141,'Fiber#006',16134,'dut',NULL),(16142,'Fiber#007',16134,'dut',NULL),(16143,'Fiber Construction#02',NULL,'project',NULL),(16144,'Cable#000',16143,'node',NULL),(16145,'Fiber#000',16144,'dut',NULL),(16146,'Fiber#001',16144,'dut',NULL),(16147,'Fiber#002',16144,'dut',NULL),(16148,'Fiber#003',16144,'dut',NULL),(16149,'Fiber#004',16144,'dut',NULL),(16150,'Fiber#005',16144,'dut',NULL),(16151,'Fiber#006',16144,'dut',NULL),(16152,'Fiber#007',16144,'dut',NULL),(16153,'Cable#001',16143,'node',NULL),(16154,'Fiber#000',16153,'dut',NULL),(16155,'Fiber#001',16153,'dut',NULL),(16156,'Fiber#002',16153,'dut',NULL),(16157,'Fiber#003',16153,'dut',NULL),(16158,'Fiber#004',16153,'dut',NULL),(16159,'Fiber#005',16153,'dut',NULL),(16160,'Fiber#006',16153,'dut',NULL),(16161,'Fiber#007',16153,'dut',NULL),(16176,'Anntena@Onna/Atsugi',16095,'node',NULL),(16177,'Fiber #0124 (Tower)',16176,'dut',24),(16178,'Fiber #0125 (Tower)',16176,'dut',22),(16183,'Anntena',16100,'node',NULL),(16184,'Fiber#1',16183,'dut',NULL),(16185,'Fiber#2',16183,'dut',NULL),(16186,'Fiber #0123 (DU)',16176,'dut',22),(16187,'Fiber #0126',16176,'dut',22),(16194,'Root',NULL,'node',NULL),(16203,'Root',NULL,'node',NULL),(16205,'DUT#3',16203,'dut',31),(16206,'Folder',16203,'folder',NULL),(16207,'FIBER #001',16206,'dut',30),(16208,'FIBER #002',16206,'dut',30),(16209,'Folder',16194,'folder',NULL),(16210,'DUT',16209,'dut',NULL);
/*!40000 ALTER TABLE `project_node` ENABLE KEYS */;
UNLOCK TABLES;

--
-- Table structure for table `relation_asset_attribute`
--

DROP TABLE IF EXISTS `relation_asset_attribute`;
/*!40101 SET @saved_cs_client     = @@character_set_client */;
/*!50503 SET character_set_client = utf8mb4 */;
CREATE TABLE `relation_asset_attribute` (
  `id` bigint NOT NULL AUTO_INCREMENT,
  `asset_id` bigint DEFAULT NULL,
  `attribute_id` bigint DEFAULT NULL,
  PRIMARY KEY (`id`),
  KEY `FK8cvays2mvprity1j4ot732i4r` (`asset_id`),
  KEY `FK4319ur670rpcvhv74jmb7st70` (`attribute_id`),
  CONSTRAINT `FK4319ur670rpcvhv74jmb7st70` FOREIGN KEY (`attribute_id`) REFERENCES `asset_atribute` (`id`),
  CONSTRAINT `FK8cvays2mvprity1j4ot732i4r` FOREIGN KEY (`asset_id`) REFERENCES `asset` (`id`)
) ENGINE=InnoDB AUTO_INCREMENT=129 DEFAULT CHARSET=utf8mb4 COLLATE=utf8mb4_0900_ai_ci;
/*!40101 SET character_set_client = @saved_cs_client */;

--
-- Dumping data for table `relation_asset_attribute`
--

LOCK TABLES `relation_asset_attribute` WRITE;
/*!40000 ALTER TABLE `relation_asset_attribute` DISABLE KEYS */;
INSERT INTO `relation_asset_attribute` VALUES (102,35,37),(103,36,34),(104,36,36),(105,37,34),(106,37,36),(107,38,34),(108,38,36),(109,39,34),(110,39,36),(111,40,34),(112,40,36),(113,33,34),(114,33,36),(115,41,34),(116,41,36),(117,42,34),(118,42,36),(119,43,34),(120,43,36),(121,44,34),(122,44,36),(123,34,34),(124,34,36),(125,45,34),(126,45,36),(127,46,34),(128,46,36);
/*!40000 ALTER TABLE `relation_asset_attribute` ENABLE KEYS */;
UNLOCK TABLES;

--
-- Table structure for table `relation_mop_user`
--

DROP TABLE IF EXISTS `relation_mop_user`;
/*!40101 SET @saved_cs_client     = @@character_set_client */;
/*!50503 SET character_set_client = utf8mb4 */;
CREATE TABLE `relation_mop_user` (
  `id` bigint NOT NULL AUTO_INCREMENT,
  `mop_id` bigint DEFAULT NULL,
  `user_id` bigint DEFAULT NULL,
  PRIMARY KEY (`id`),
  KEY `FK1h1yj7m0l6jxyawqm8vk5e1o` (`mop_id`),
  KEY `FKgirfy9ft6rjvc4643i7p8hmgh` (`user_id`),
  CONSTRAINT `FK1h1yj7m0l6jxyawqm8vk5e1o` FOREIGN KEY (`mop_id`) REFERENCES `mop` (`id`),
  CONSTRAINT `FKgirfy9ft6rjvc4643i7p8hmgh` FOREIGN KEY (`user_id`) REFERENCES `user` (`id`)
) ENGINE=InnoDB AUTO_INCREMENT=23 DEFAULT CHARSET=utf8mb4 COLLATE=utf8mb4_0900_ai_ci;
/*!40101 SET character_set_client = @saved_cs_client */;

--
-- Dumping data for table `relation_mop_user`
--

LOCK TABLES `relation_mop_user` WRITE;
/*!40000 ALTER TABLE `relation_mop_user` DISABLE KEYS */;
/*!40000 ALTER TABLE `relation_mop_user` ENABLE KEYS */;
UNLOCK TABLES;

--
-- Table structure for table `relation_mopline_criterion`
--

DROP TABLE IF EXISTS `relation_mopline_criterion`;
/*!40101 SET @saved_cs_client     = @@character_set_client */;
/*!50503 SET character_set_client = utf8mb4 */;
CREATE TABLE `relation_mopline_criterion` (
  `id` bigint NOT NULL AUTO_INCREMENT,
  `criterion_id` bigint DEFAULT NULL,
  `mopline_id` bigint DEFAULT NULL,
  PRIMARY KEY (`id`),
  KEY `FK550o84v62ixv6sotqxaol3aa1` (`criterion_id`),
  KEY `FKixogkocj5ayi7scxdla91o7ul` (`mopline_id`),
  CONSTRAINT `FK550o84v62ixv6sotqxaol3aa1` FOREIGN KEY (`criterion_id`) REFERENCES `criterion` (`id`),
  CONSTRAINT `FKixogkocj5ayi7scxdla91o7ul` FOREIGN KEY (`mopline_id`) REFERENCES `mop_line` (`id`)
) ENGINE=InnoDB DEFAULT CHARSET=utf8mb4 COLLATE=utf8mb4_0900_ai_ci;
/*!40101 SET character_set_client = @saved_cs_client */;

--
-- Dumping data for table `relation_mopline_criterion`
--

LOCK TABLES `relation_mopline_criterion` WRITE;
/*!40000 ALTER TABLE `relation_mopline_criterion` DISABLE KEYS */;
/*!40000 ALTER TABLE `relation_mopline_criterion` ENABLE KEYS */;
UNLOCK TABLES;

--
-- Table structure for table `test_result`
--

DROP TABLE IF EXISTS `test_result`;
/*!40101 SET @saved_cs_client     = @@character_set_client */;
/*!50503 SET character_set_client = utf8mb4 */;
CREATE TABLE `test_result` (
  `id` bigint NOT NULL AUTO_INCREMENT,
  `json` mediumtext,
  `mop_item_key` varchar(255) DEFAULT NULL,
  `nodeid` bigint DEFAULT NULL,
  `status` varchar(255) DEFAULT NULL,
  PRIMARY KEY (`id`)
) ENGINE=InnoDB AUTO_INCREMENT=86 DEFAULT CHARSET=utf8mb4 COLLATE=utf8mb4_0900_ai_ci;
/*!40101 SET character_set_client = @saved_cs_client */;

--
-- Dumping data for table `test_result`
--

LOCK TABLES `test_result` WRITE;
/*!40000 ALTER TABLE `test_result` DISABLE KEYS */;
INSERT INTO `test_result` VALUES (45,'Result','1-1',16186,'FAIL'),(46,'Result','1-1',16186,'FAIL'),(47,'Result','1-1',16186,'PASS'),(48,'Result','1-2',16186,'PASS'),(49,'Result','1-4',16186,'PASS'),(50,'Result','1-6',16186,'PASS'),(51,'Result','1-4',16186,'FAIL'),(52,'Result','1-4',16186,'FAIL'),(53,'Result','1-5',16186,'FAIL'),(54,'Result','1-3',16186,'PASS'),(55,'Result','2-1',16186,'FAIL'),(56,'Result','2-1',16186,'FAIL'),(57,'Result','2-1',16186,'FAIL'),(58,'Result','2-1',16186,'FAIL'),(59,'Result','2-1',16186,'FAIL'),(60,'Result','2-1',16186,'FAIL'),(61,'Result','2-1',16186,'PASS'),(62,'Result','2-2',16186,'FAIL'),(63,'Result','2-2',16186,'FAIL'),(64,'Result','2-2',16186,'FAIL'),(65,'Result','2-2',16186,'PASS'),(66,'Result','1-3',16186,'FAIL'),(67,'Result','1-6',16186,'PASS'),(68,'Result','1-6',16186,'FAIL'),(69,'Result','1-6',16186,'PASS'),(70,'Result','1-6',16186,'PASS'),(71,'Result','1-6',16186,'PASS'),(72,'Result','1-6',16186,'FAIL'),(73,'Result','1-6',16186,'PASS'),(74,'Result','1-6',16186,'PASS'),(75,'Result','1-6',16186,'PASS'),(76,'Result','1-6',16186,'FAIL'),(77,'Result','1-6',16186,'FAIL'),(78,'Result','1-6',16186,'PASS'),(79,'Result','1-6',16186,'FAIL'),(80,'Result','1-6',16186,'PASS'),(81,'Result','1-6',16186,'FAIL'),(82,'Result','1-6',16186,'PASS'),(83,'Result','1-6',16186,'FAIL'),(84,'Result','1-7',16186,'PASS'),(85,'Result','1-6',16186,'FAIL');
/*!40000 ALTER TABLE `test_result` ENABLE KEYS */;
UNLOCK TABLES;

--
-- Table structure for table `testitem`
--

DROP TABLE IF EXISTS `testitem`;
/*!40101 SET @saved_cs_client     = @@character_set_client */;
/*!50503 SET character_set_client = utf8mb4 */;
CREATE TABLE `testitem` (
  `id` bigint NOT NULL AUTO_INCREMENT,
  `name` varchar(255) DEFAULT NULL,
  `status` enum('FAIL','NOT_YET','PASS') DEFAULT NULL,
  `node_id` bigint DEFAULT NULL,
  `criteria` varchar(255) DEFAULT NULL,
  `result` varchar(255) DEFAULT NULL,
  `tool` varchar(255) DEFAULT NULL,
  `item_key` varchar(255) DEFAULT NULL,
  PRIMARY KEY (`id`),
  KEY `FKi9hisyfllekkl5fc5toee6h73` (`node_id`),
  CONSTRAINT `FKi9hisyfllekkl5fc5toee6h73` FOREIGN KEY (`node_id`) REFERENCES `project_node` (`id`)
) ENGINE=InnoDB AUTO_INCREMENT=4786 DEFAULT CHARSET=utf8mb4 COLLATE=utf8mb4_0900_ai_ci;
/*!40101 SET character_set_client = @saved_cs_client */;

--
-- Dumping data for table `testitem`
--

LOCK TABLES `testitem` WRITE;
/*!40000 ALTER TABLE `testitem` DISABLE KEYS */;
/*!40000 ALTER TABLE `testitem` ENABLE KEYS */;
UNLOCK TABLES;

--
-- Table structure for table `user`
--

DROP TABLE IF EXISTS `user`;
/*!40101 SET @saved_cs_client     = @@character_set_client */;
/*!50503 SET character_set_client = utf8mb4 */;
CREATE TABLE `user` (
  `id` bigint NOT NULL AUTO_INCREMENT,
  `first_name` varchar(255) DEFAULT NULL,
  `last_name` varchar(255) DEFAULT NULL,
  `username` varchar(255) DEFAULT NULL,
  PRIMARY KEY (`id`)
) ENGINE=InnoDB AUTO_INCREMENT=10 DEFAULT CHARSET=utf8mb4 COLLATE=utf8mb4_0900_ai_ci;
/*!40101 SET character_set_client = @saved_cs_client */;

--
-- Dumping data for table `user`
--

LOCK TABLES `user` WRITE;
/*!40000 ALTER TABLE `user` DISABLE KEYS */;
INSERT INTO `user` VALUES (7,'Andre','Young','dr.dre@deathrow.com'),(8,'Tupac','Shakur','tupac@deathrow.com'),(9,'Calvin','Broadus','snoopdoggydogg@deathrow.com');
/*!40000 ALTER TABLE `user` ENABLE KEYS */;
UNLOCK TABLES;
/*!40103 SET TIME_ZONE=@OLD_TIME_ZONE */;

/*!40101 SET SQL_MODE=@OLD_SQL_MODE */;
/*!40014 SET FOREIGN_KEY_CHECKS=@OLD_FOREIGN_KEY_CHECKS */;
/*!40014 SET UNIQUE_CHECKS=@OLD_UNIQUE_CHECKS */;
/*!40101 SET CHARACTER_SET_CLIENT=@OLD_CHARACTER_SET_CLIENT */;
/*!40101 SET CHARACTER_SET_RESULTS=@OLD_CHARACTER_SET_RESULTS */;
/*!40101 SET COLLATION_CONNECTION=@OLD_COLLATION_CONNECTION */;
/*!40111 SET SQL_NOTES=@OLD_SQL_NOTES */;

-- Dump completed on 2024-10-20  0:24:34
